Wavelength,LII,Z-Wavelength,Z-LII,,Z-LII2,Z-LII3
977.8968916,2.957340735,13.43936729,-0.889216781,1.035654157,-0.889216781,-1.673785806
828.2087596,0.817357432,3.178624868,-2.354786396,,-1.585569978,5.229046822
863.3649482,1.382276835,4.679496288,-1.585569978,,2.458562374,-4.403609753
888.5187745,0.551581005,3.57343626,-1.877281308,,-0.252671719,0.181051493
881.2189974,32.74652655,5.59177494,2.458562374,,-2.207660675,1.431099296
939.5407584,0.545983962,1.894855738,-3.530686855,,1.235155582,0.61495316
840.2031044,0.661149721,5.606169701,-2.554825306,,-0.35780561,-0.889216781
994.2728922,8.79958506,3.165407658,-0.252671719,,4.001236439,-1.508551955
830.0757166,1.099747773,2.658346415,-2.207660675,,0.156010389,-1.391004682
813.3980125,7.287094636,4.410024643,1.235155582,,3.517087698,1.012673378
898.8939303,3.145327395,0.01173988,-0.35780561,,-1.734313369,0.519649029
857.6352302,143.0333118,3.326922894,4.001236439,,2.898909092,2.517603159
811.8139179,2.108107155,-0.010594845,0.156010389,,3.397364855,-2.445104122
852.6220542,52.7355033,6.379070282,3.517087698,,5.051059246,-1.274965644
950.2552481,0.881432946,1.188144684,-2.758363247,,1.35905838,-0.480015159
968.8466942,2.61753555,2.754587412,-1.734313369,,1.746287465,-1.585569978
914.2478555,9.85803975,3.60630846,2.898909092,,3.643985748,-1.506416917
889.750278,41.63829465,2.227617264,3.397364855,,2.343625546,4.050516129
850.1473741,7.10760465,5.671599388,5.051059246,,3.467323303,0.619116306
900.9528383,40.3939014,1.321436882,1.35905838,,0.902911663,5.697262287
903.1859019,9.1054425,3.462115765,1.746287465,,-0.83697021,2.290271282
860.9782144,42.15831675,3.581863403,3.643985748,,-1.410127997,0.522144198
811.3851379,190.7472225,3.135304451,2.343625546,,-0.503748775,3.850140572
971.4554487,2.607796275,1.755314112,3.467323303,,-0.876047492,0.701460719
983.8182089,0.956951961,5.553911209,-2.853800774,,1.018410444,-1.500378489
972.491907,8.70957279,-2.781823158,0.902911663,,2.340311766,0.153458595
932.2579706,2.85116637,8.164541245,-0.83697021,,0.358624458,-0.386695743
817.515507,262.5182055,-0.160995245,-1.410127997,,1.410093546,-5.42432785
949.1001796,3.720562305,7.22862339,-0.503748775,,3.711975813,3.50571847
941.0935263,2.281371483,5.582602978,-0.876047492,,1.900182366,-2.315597057
802.9381198,3.576480795,1.185791969,1.018410444,,-1.676564097,-0.485660434
817.3410785,5.55569652,2.192605972,2.340311766,,-1.025458217,-1.883802533
1198.939516,2.327658435,-1.507209778,0.358624458,,-0.999889016,-1.40169394
965.4439141,11.951145,0.949460685,1.410093546,,2.173557043,1.670940161
874.7791651,20.21524425,2.1146245,3.711975813,,2.210057974,-0.989092469
830.1066925,12.208254,3.734334946,1.900182366,,-0.402517438,-1.246759534
834.5316672,1.149794292,2.64109087,-1.676564097,,-3.753866196,2.458562374
994.8344999,6.12258234,-3.718276501,-1.025458217,,-0.297928452,0.297391891
809.5569466,3.78450753,5.337974548,-0.999889016,,2.739152908,-2.192135811
815.8457929,36.0445308,7.689023018,2.173557043,,4.488866329,0.113620758
830.2908425,5.764612075,1.725914717,2.210057974,,-0.522762418,1.997752905
941.639837,0.754811763,6.083829403,-2.894576073,,1.036370039,-0.194421649
952.9496109,3.38557785,-1.254218936,-0.402517438,,-2.225074768,2.65513587
892.0128343,9.0069612,3.269791842,-3.753866196,,-0.726408839,-0.508710027
963.4872812,3.651421725,4.080900192,-0.297928452,,0.563230991,0.194419384
946.7337258,8.88606171,5.616474628,2.739152908,,2.046197176,-0.548078656
802.8190112,109.0255785,6.109583378,4.488866329,,2.669828415,-0.619314551
993.3109522,2.2894431,1.784678698,-0.522762418,,-0.406301856,-1.229686856
906.1257448,7.83484932,4.277995586,1.036370039,,0.801404238,-1.78433001
928.1917895,0.730278849,-1.182949543,-2.404245377,,1.905085564,1.333884954
833.8681113,1.359217542,-8.367699623,-2.225074768,,-0.684790015,2.619419098
853.401254,2.348482287,3.184320927,-0.726408839,,5.99105978,2.107781172
836.7676017,8.53388556,4.622772217,0.563230991,,0.447902083,1.922348142
813.1695697,41.9611074,1.969337702,2.046197176,,0.362300277,1.017766118
927.955043,0.624792552,2.512488842,-5.011070251,,2.569251299,-0.252671719
813.1145449,87.1544628,6.621881962,2.669828415,,0.125660777,4.240698814
975.1693083,1.76588466,4.643770695,-0.406301856,,-0.218155026,-1.285810113
851.4681028,14.8572537,5.151269913,0.801404238,,4.355381966,-1.428623796
1004.777296,2.85644838,1.008598566,1.905085564,,2.578551054,0.59005177
1042.149017,2.09920416,5.762074471,-0.684790015,,3.712451458,-1.643463254
901.6453468,0.70981845,1.107478619,-1.482373357,,0.191278338,-1.781827092
805.3397209,29.8643724,2.695533276,5.99105978,,-1.489637256,3.741480827
819.513494,5.53019559,5.926420212,0.447902083,,0.192550421,-4.000612259
906.7354146,4.213907355,6.363931179,0.362300277,,-2.129854202,3.230688334
829.8580782,7.68742707,6.523761272,2.569251299,,1.630712867,-1.0510391
964.2571085,3.522244755,1.122689724,0.125660777,,0.015292764,0.900581598
981.0599178,3.03508578,8.949508667,-0.218155026,,-0.272069693,-1.819857955
836.077136,27.5755758,4.205153465,4.355381966,,-0.74680531,0.336760402
881.0937789,25.8394329,7.570272446,2.578551054,,0.867358744,1.23302722
961.1844732,9.7829988,2.621837139,3.712451458,,1.95374918,0.981523573
953.2045086,2.33374191,14.47007179,0.191278338,,-0.017201185,1.317594051
882.5887459,1.455637713,4.576372147,-1.489637256,,1.910766006,3.042512178
973.8334288,1.537044,2.069919109,0.192550421,,1.238735914,-2.207660675
896.0209736,15.6314295,4.901641369,-2.129854202,,4.4952631,1.309108019
866.1931758,6.78606051,1.507704973,1.630712867,,4.81349802,-0.649836183
914.8504469,4.052919525,-0.684377849,0.015292764,,2.676272154,2.492765427
906.6185595,6.37210041,-0.584105492,-0.272069693,,-2.703841686,1.903549075
866.412907,3.960698595,1.873870134,-0.74680531,,-1.726602674,1.002095699
886.9386533,4.43815023,6.33833313,0.867358744,,1.152266502,3.645035744
905.5456478,13.82324505,1.649252892,1.95374918,,0.721751571,2.534879208
823.7693129,2.514275656,-1.096954465,-0.017201185,,-0.201361418,-1.769050479
819.9054196,7.60225071,2.197694302,1.910766006,,-1.562128425,-2.556229115
912.2207744,21.21833475,2.170410156,1.238735914,,1.266422868,-0.477697253
898.8322777,92.5235565,5.254763603,4.4952631,,-1.081096053,4.909253597
884.924739,0.686724119,4.149711609,-3.249518871,,1.054923892,3.505433083
802.3396817,356.8564665,6.034303665,4.81349802,,3.508416653,0.574289083
900.1103585,35.2724961,1.504411697,2.676272154,,5.277910233,8.360333443
976.6875835,1.46037081,0.559454381,-2.703841686,,0.713204741,-0.357098699
809.2233527,1.232583837,3.377609968,-1.726602674,,2.559556246,1.235155582
864.4929271,11.63668035,3.635176659,1.152266502,,-0.050328135,-0.333842158
921.5066342,2.31884691,9.411117554,0.721751571,,-1.326427341,-1.293568969
866.09081,3.038938965,3.951409817,-0.201361418,,4.84743309,-1.631478667
816.4359783,2.258071845,3.801706791,-1.562128425,,2.584830999,2.399722576
889.0136005,15.1602156,-1.56431222,1.266422868,,0.002720833,1.436479926
820.0512249,1.48975488,5.793320656,-1.081096053,,2.774837017,0.93816638
985.5789098,3.042321615,6.545826435,1.054923892,,-5.111635208,0.102032185
837.7103911,15.18797955,4.369439602,3.508416653,,0.466632962,2.905995846
896.8846459,0.925671015,5.207909107,-4.588692665,,-1.243154645,2.784471273
891.5858589,13.96940295,3.465547085,5.277910233,,1.959496975,4.475091934
941.646786,3.33203739,5.250216961,0.713204741,,1.562502027,-1.973051906
972.2511985,0.536274756,4.262589931,-3.378766537,,0.748514533,1.58686626
824.010114,10.738242,0.924302518,2.559556246,,2.879407167,-0.545309424
972.7526496,5.49408036,3.378367662,-0.050328135,,0.609117746,5.686230183
986.8121501,1.72709415,0.1171,-1.326427341,,1.789399743,-1.263046384
885.2597698,43.78212495,3.935586929,4.84743309,,1.697651029,5.025509834
905.1625221,10.47468558,3.136418343,2.584830999,,0.88949424,1.39621973
892.398114,3.793486095,5.640976906,0.002720833,,0.478726983,-1.660530686
830.5490295,3.163791121,1.841800928,2.774837017,,0.505373716,2.379451036
816.0355343,1.150701147,1.505592585,-5.111635208,,4.712376595,-0.35780561
900.0155686,4.062027795,3.324023247,0.466632962,,-0.902340293,-0.250918627
938.0093426,1.210507545,3.846597672,-1.243154645,,0.051294565,0.739412248
978.6477419,7.29762951,4.958350658,1.959496975,,2.223226547,2.545309544
896.4061138,26.74162845,8.739712715,1.562502027,,-0.049927592,4.001236439
904.7003373,6.95600685,3.864440441,0.748514533,,0.536021709,4.358691692
948.9756412,0.556366074,1.781014442,-1.788316846,,5.529794693,0.156010389
990.6550072,0.549345666,6.840996742,-3.736448765,,-0.823224664,5.437057972
889.4797002,43.5279306,3.630090237,2.879407167,,0.557817101,-6.512711048
893.490345,3.007541955,-4.107729912,0.609117746,,0.130979896,0.589944005
901.2786967,11.33671287,6.235615253,1.789399743,,4.856584072,-0.470620275
891.0882,7.45423968,1.466147423,1.697651029,,-1.591073632,-0.372034192
895.5750711,4.87952037,1.74058032,0.88949424,,2.062264919,0.72042942
911.3308391,7.56357048,5.14811945,0.478726983,,1.692145348,-0.496353507
804.4505029,5.92526199,3.730540752,0.505373716,,0.744639456,0.981264353
824.3741063,49.60915095,6.622106552,4.712376595,,0.493663073,2.289724112
1014.163307,1.27487871,4.82968235,-0.902340293,,0.743897498,4.996643066
913.0929044,4.742136825,4.151933193,0.051294565,,2.115718365,0.608292341
900.2366557,9.41229315,3.229268074,2.223226547,,2.043535948,1.749047875
858.9521344,5.16820191,4.583348274,-0.049927592,,0.337239385,0.476710916
805.1072945,6.42114252,8.049841881,0.536021709,,-0.092170358,-0.857776761
803.4375506,0.818175216,0.568756759,-2.847943783,,3.485138655,0.071658015
801.3935426,9.77381568,-1.876958847,5.529794693,,1.680679083,0.646812916
888.2326242,2.9335125,2.901841402,-0.823224664,,0.070612073,0.397710919
1018.546873,0.72743076,1.525768042,-2.474734783,,-0.1510849,0.506696939
862.5427297,0.904252443,2.945349932,-1.783310056,,-0.060262203,-0.694604516
890.5801863,34.3250031,1.296350718,0.557817101,,0.100512266,1.909479022
903.7116106,5.82794058,1.63728857,0.130979896,,4.615642071,-0.881608605
951.589896,9.8499069,4.407515049,4.856584072,,2.296357155,1.658440948
1048.395171,1.900696245,5.415642262,-1.591073632,,,0.122761846
972.9925843,7.10839836,3.095789671,2.062264919,,,-0.133114934
868.9180701,0.808787208,-1.513905525,-2.503780365,,,0.124441028
911.956853,7.81301388,3.464519501,1.692145348,,,-1.786553741
883.4988922,2.328505035,1.053697109,0.744639456,,,1.09821558
952.9443261,3.75746286,-2.672355413,0.493663073,,,-1.165613294
923.2096637,6.77802435,5.372243881,0.743897498,,,-2.422861576
916.9906988,39.5077782,1.720415592,2.115718365,,,-0.754949689
853.6940043,30.5994024,9.203036308,2.043535948,,,3.517087698
919.5691951,4.51961907,2.956731558,0.337239385,,,0.058167577
809.006015,22.81086015,3.68553257,-0.092170358,,,0.762278199
918.5582222,15.2820462,4.211374283,3.485138655,,,0.287374735
994.9681989,6.77453358,4.40835762,1.680679083,,,-0.323538899
948.4421146,1.851719733,1.723591566,0.070612073,,,-0.547890782
1000.62964,3.40390401,3.463340759,-0.1510849,,,1.451878548
804.9881921,2.833797135,1.794730663,-0.060262203,,,4.622360706
958.279646,2.796164565,6.407838821,0.100512266,,,-1.662773728
985.45688,0.829419549,2.816601753,0.01254487,,,2.261715651
855.4460332,40.78017825,2.676103354,4.615642071,,,-1.423308015
811.7702875,321.6971835,7.335354805,2.296357155,,,1.159715652
,,,,,,-1.20572412
,,,,,,0.149312377
,,,,,,4.455142021
,,,,,,-2.877563
,,,,,,0.785740614
,,,,,,4.58335495
,,,,,,-1.791846395
,,,,,,-1.259199262
,,,,,,-1.069472194
,,,,,,7.225245476
,,,,,,-0.657767177
,,,,,,-0.425827861
,,,,,,1.651370049
,,,,,,2.979791641
,,,,,,-1.872362733
,,,,,,-2.3906703
,,,,,,1.56676209
,,,,,,3.432626247
,,,,,,-1.64005506
,,,,,,-1.734313369
,,,,,,2.898909092
,,,,,,-5.219115734
,,,,,,3.397364855
,,,,,,-3.890030861
,,,,,,1.852286458
,,,,,,0.516025782
,,,,,,1.34831953
,,,,,,0.569265962
,,,,,,-0.724985242
,,,,,,1.601583958
,,,,,,-1.817648292
,,,,,,-0.274372578
,,,,,,-1.756216168
,,,,,,-1.077667594
,,,,,,-0.822735667
,,,,,,0.297847271
,,,,,,-0.010280848
,,,,,,1.194130898
,,,,,,2.784356833
,,,,,,1.629065752
,,,,,,-1.507066369
,,,,,,-0.580232501
,,,,,,-2.2252841
,,,,,,1.055137992
,,,,,,0.769864678
,,,,,,-0.950776219
,,,,,,-1.384584546
,,,,,,3.650075436
,,,,,,-0.254344344
,,,,,,2.495883465
,,,,,,5.051059246
,,,,,,5.672983646
,,,,,,-2.692463398
,,,,,,-1.433997035
,,,,,,0.538993359
,,,,,,0.454817653
,,,,,,2.251041651
,,,,,,1.35905838
,,,,,,0.684717536
,,,,,,-0.67679894
,,,,,,-1.312131763
,,,,,,0.230333447
,,,,,,2.197468996
,,,,,,0.269176364
,,,,,,1.886813521
,,,,,,-1.712311387
,,,,,,0.428240776
,,,,,,1.480550289
,,,,,,-0.114713788
,,,,,,0.275938749
,,,,,,0.840487957
,,,,,,8.243254662
,,,,,,-0.275872827
,,,,,,1.321475625
,,,,,,1.083758593
,,,,,,1.746287465
,,,,,,-1.517552018
,,,,,,0.091918707
,,,,,,-0.841903329
,,,,,,-0.634243846
,,,,,,0.456251621
,,,,,,-2.115733147
,,,,,,-2.879345894
,,,,,,4.928544521
,,,,,,-0.623678565
,,,,,,-1.082412601
,,,,,,4.184628487
,,,,,,4.867629051
,,,,,,-1.416469932
,,,,,,-2.882265091
,,,,,,4.234611511
,,,,,,3.637826443
,,,,,,0.490928411
,,,,,,-0.350565553
,,,,,,0.797680557
,,,,,,3.507618427
,,,,,,-4.670318127
,,,,,,0.777468383
,,,,,,1.095679522
,,,,,,1.324744225
,,,,,,-2.214387894
,,,,,,-0.931522965
,,,,,,-6.377257824
,,,,,,4.310654163
,,,,,,3.643985748
,,,,,,0.05695653
,,,,,,1.456049919
,,,,,,0.844706178
,,,,,,-0.176394105
,,,,,,-0.291909575
,,,,,,-0.039750457
,,,,,,1.91021812
,,,,,,1.750506639
,,,,,,6.746067047
,,,,,,1.493233442
,,,,,,1.67251122
,,,,,,-2.538815975
,,,,,,-0.954763293
,,,,,,-0.255444646
,,,,,,1.566286325
,,,,,,-2.679262638
,,,,,,0.655015469
,,,,,,4.253046513
,,,,,,-1.064886689
,,,,,,2.465806007
,,,,,,-2.279129028
,,,,,,-1.183720708
,,,,,,-1.156317115
,,,,,,-2.42220068
,,,,,,3.469177246
,,,,,,-0.543132663
,,,,,,-0.705716491
,,,,,,-2.794277668
,,,,,,-1.051233411
,,,,,,-2.741171837
,,,,,,0.557277083
,,,,,,2.926014423
,,,,,,-2.583594799
,,,,,,-0.299713731
,,,,,,5.905412674
,,,,,,-1.177061677
,,,,,,-0.788625836
,,,,,,-2.12770319
,,,,,,-0.056997895
,,,,,,0.26394701
,,,,,,-1.45687592
,,,,,,-2.025435925
,,,,,,-1.963045478
,,,,,,-0.914185882
,,,,,,-1.816682458
,,,,,,2.343625546
,,,,,,3.467323303
,,,,,,2.231021643
,,,,,,-0.918676257
,,,,,,-2.334592342
,,,,,,2.279996157
,,,,,,0.509638429
,,,,,,-0.502002358
,,,,,,-0.863931775
,,,,,,-1.122644305
,,,,,,-0.865506053
,,,,,,-0.612726331
,,,,,,-1.597383142
,,,,,,3.271784782
,,,,,,1.94299376
,,,,,,-2.474477768
,,,,,,3.835233688
,,,,,,2.17607975
,,,,,,1.575814724
,,,,,,-1.006473184
,,,,,,0.229585171
,,,,,,0.902911663
,,,,,,0.205353856
,,,,,,1.660385489
,,,,,,-1.343503118
,,,,,,7.257787228
,,,,,,0.807342112
,,,,,,-0.820308566
,,,,,,2.945754528
,,,,,,1.19746089
,,,,,,3.396857023
,,,,,,1.535982132
,,,,,,-2.168896675
,,,,,,1.594622016
,,,,,,0.47140193
,,,,,,-1.469071746
,,,,,,1.692680478
,,,,,,1.227072954
,,,,,,4.316943169
,,,,,,-3.302379131
,,,,,,-0.882841706
,,,,,,-0.83697021
,,,,,,2.227332592
,,,,,,-1.410127997
,,,,,,-0.503748775
,,,,,,-1.254436374
,,,,,,-1.736266494
,,,,,,3.147241831
,,,,,,0.22197485
,,,,,,3.359781265
,,,,,,1.954311371
,,,,,,0.645883203
,,,,,,1.282722473
,,,,,,0.290624022
,,,,,,-1.34384191
,,,,,,-1.090533376
,,,,,,3.673701286
,,,,,,-0.876047492
,,,,,,0.299537301
,,,,,,-1.228065848
,,,,,,1.018410444
,,,,,,-0.653209805
,,,,,,0.231031537
,,,,,,2.102893591
,,,,,,5.37112999
,,,,,,2.117837429
,,,,,,2.340311766
,,,,,,-0.961168647
,,,,,,2.343830347
,,,,,,0.358624458
,,,,,,0.380964875
,,,,,,4.271166801
,,,,,,-0.385637879
,,,,,,-2.712900639
,,,,,,5.663694859
,,,,,,-1.283637166
,,,,,,1.410093546
,,,,,,0.526730061
,,,,,,3.711975813
,,,,,,1.729562402
,,,,,,0.152195573
,,,,,,-8.134030342
,,,,,,-1.657641053
,,,,,,0.170143008
,,,,,,0.183074355
,,,,,,6.574054241
,,,,,,8.046261787
,,,,,,1.538986683
,,,,,,2.993342876
,,,,,,0.192575574
,,,,,,-2.28567028
,,,,,,1.900182366
,,,,,,7.16795969
,,,,,,-1.485343814
,,,,,,5.728817463
,,,,,,-0.721732259
,,,,,,4.414745808
,,,,,,-2.249816895
,,,,,,-1.822652698
,,,,,,-0.266058683
,,,,,,1.408908367
,,,,,,-1.676564097
,,,,,,2.376410961
,,,,,,1.336117864
,,,,,,4.50059557
,,,,,,3.748251438
,,,,,,-1.025458217
,,,,,,-1.331586003
,,,,,,2.335860729
,,,,,,-0.619581819
,,,,,,1.221382141
,,,,,,1.047955513
,,,,,,0.127920866
,,,,,,-0.429071784
,,,,,,1.90786016
,,,,,,1.540219545
,,,,,,1.26125586
,,,,,,-1.614789128
,,,,,,-1.161153913
,,,,,,4.683315277
,,,,,,-1.56250751
,,,,,,-1.896441102
,,,,,,3.309087753
,,,,,,2.079824924
,,,,,,0.540754199
,,,,,,-2.257462502
,,,,,,0.800677776
,,,,,,-1.902902722
,,,,,,1.209123135
,,,,,,-1.888058305
,,,,,,-1.358180165
,,,,,,1.537651896
,,,,,,-0.999889016
,,,,,,4.736606598
,,,,,,1.652863026
,,,,,,-0.164172411
,,,,,,-0.97802341
,,,,,,0.583298206
,,,,,,-2.855205059
,,,,,,3.394632339
,,,,,,1.911087751
,,,,,,-0.250461221
,,,,,,0.551335573
,,,,,,1.454159975
,,,,,,0.961704552
,,,,,,2.815337181
,,,,,,-1.268476605
,,,,,,-1.902032256
,,,,,,1.112650871
,,,,,,0.736597359
,,,,,,-0.719017625
,,,,,,1.343318701
,,,,,,2.076200247
,,,,,,-2.078233242
,,,,,,0.957031369
,,,,,,5.113618374
,,,,,,0.81329453
,,,,,,0.840826392
,,,,,,-0.019262195
,,,,,,-0.772009015
,,,,,,0.113581777
,,,,,,-1.994359612
,,,,,,-1.176933885
,,,,,,4.026013851
,,,,,,-1.273670793
,,,,,,-1.878463149
,,,,,,6.092835903
,,,,,,1.715963721
,,,,,,0.294201493
,,,,,,-0.565030932
,,,,,,-0.936581016
,,,,,,-1.33420074
,,,,,,-0.828481317
,,,,,,5.766757011
,,,,,,1.106937647
,,,,,,2.173557043
,,,,,,2.394472599
,,,,,,-2.473467827
,,,,,,2.550319672
,,,,,,-1.104210258
,,,,,,2.714601517
,,,,,,-2.329890251
,,,,,,2.780311584
,,,,,,0.014219046
,,,,,,-3.271528244
,,,,,,-0.277702212
,,,,,,-4.570230007
,,,,,,2.210057974
,,,,,,1.987339497
,,,,,,-1.654166818
,,,,,,-1.112729907
,,,,,,-4.297807693
,,,,,,0.142483711
,,,,,,0.325516582
,,,,,,-1.961659312
,,,,,,-1.597621799
,,,,,,4.4815588
,,,,,,-1.831560493
,,,,,,3.720492363
,,,,,,-2.103096962
,,,,,,5.913446903
,,,,,,-0.402517438
,,,,,,0.697394609
,,,,,,0.149851441
,,,,,,4.271296024
,,,,,,0.961888075
,,,,,,0.25920403
,,,,,,1.255073547
,,,,,,-4.880766869
,,,,,,1.064900398
,,,,,,-0.597314477
,,,,,,-3.753866196
,,,,,,5.309913158
,,,,,,5.251646519
,,,,,,-0.71757853
,,,,,,-0.647126079
,,,,,,-0.297928452
,,,,,,0.49851048
,,,,,,1.735519528
,,,,,,1.39051497
,,,,,,1.82979846
,,,,,,4.126876831
,,,,,,1.026932597
,,,,,,-0.426084399
,,,,,,2.739152908
,,,,,,-0.932218671
,,,,,,-1.172105908
,,,,,,1.034245491
,,,,,,-0.375389457
,,,,,,2.706242561
,,,,,,-0.898334146
,,,,,,-0.586841226
,,,,,,0.097775102
,,,,,,4.488866329
,,,,,,2.362414598
,,,,,,2.028226614
,,,,,,-0.288239837
,,,,,,1.464326859
,,,,,,3.384926081
,,,,,,-1.302014947
,,,,,,-0.231674075
,,,,,,0.949483693
,,,,,,-0.692584395
,,,,,,4.658432007
,,,,,,-0.569652915
,,,,,,2.038578033
,,,,,,-0.673574805
,,,,,,0.718768001
,,,,,,-1.211674809
,,,,,,-2.185832024
,,,,,,-3.526195526
,,,,,,3.884055614
,,,,,,0.116717696
,,,,,,-1.405271173
,,,,,,-6.919352055
,,,,,,-2.556396484
,,,,,,-0.754537463
,,,,,,0.584507346
,,,,,,-0.723805785
,,,,,,-0.730023503
,,,,,,-0.082511663
,,,,,,-0.522762418
,,,,,,0.674231291
,,,,,,3.011496305
,,,,,,1.036370039
,,,,,,-0.134318948
,,,,,,3.806288719
,,,,,,0.241596937
,,,,,,-5.079091072
,,,,,,-0.810316682
,,,,,,-1.353080153
,,,,,,-4.153721333
,,,,,,1.909343958
,,,,,,1.29684186
,,,,,,0.569022298
,,,,,,3.067118645
,,,,,,-2.522163391
,,,,,,-0.304363847
,,,,,,-0.433937669
,,,,,,2.565841913
,,,,,,-0.574832559
,,,,,,-0.500643373
,,,,,,-0.255534887
,,,,,,-1.864389777
,,,,,,-0.716373324
,,,,,,0.714888334
,,,,,,1.143250585
,,,,,,0.196576953
,,,,,,0.309487343
,,,,,,0.383915901
,,,,,,-0.696596265
,,,,,,-1.498054624
,,,,,,-1.525311589
,,,,,,4.958317757
,,,,,,4.285373211
,,,,,,2.248859882
,,,,,,1.812430859
,,,,,,10.88388252
,,,,,,1.064915895
,,,,,,4.028012276
,,,,,,-0.769984841
,,,,,,-0.796507001
,,,,,,-1.065188289
,,,,,,3.59493351
,,,,,,-0.78159225
,,,,,,-1.974841237
,,,,,,-2.225074768
,,,,,,-0.726408839
,,,,,,1.062277555
,,,,,,1.410862923
,,,,,,4.923423767
,,,,,,3.868494034
,,,,,,2.659207344
,,,,,,-1.131349444
,,,,,,-1.480130076
,,,,,,0.911072612
,,,,,,1.823759556
,,,,,,1.370360613
,,,,,,1.670361519
,,,,,,5.322474003
,,,,,,1.865707755
,,,,,,-2.21333313
,,,,,,2.431280613
,,,,,,-0.725659251
,,,,,,-2.098463535
,,,,,,-1.662001967
,,,,,,-4.298379898
,,,,,,0.032347083
,,,,,,3.78152895
,,,,,,0.736972451
,,,,,,0.563230991
,,,,,,3.074740887
,,,,,,5.318166733
,,,,,,2.046197176
,,,,,,4.851798534
,,,,,,-1.184455276
,,,,,,-1.335827231
,,,,,,0.166093469
,,,,,,-0.716998935
,,,,,,-2.548560143
,,,,,,-1.111006141
,,,,,,-1.196596026
,,,,,,2.878125668
,,,,,,-2.052437782
,,,,,,4.722354889
,,,,,,1.170298815
,,,,,,-2.339917183
,,,,,,1.026718855
,,,,,,2.122164965
,,,,,,0.217839122
,,,,,,-2.584996223
,,,,,,1.377977133
,,,,,,1.496583462
,,,,,,1.298943043
,,,,,,2.459248066
,,,,,,1.683349133
,,,,,,0.600008368
,,,,,,6.960926056
,,,,,,-7.235704899
,,,,,,0.297731042
,,,,,,0.539692163
,,,,,,1.033923626
,,,,,,-4.207344055
,,,,,,2.949646473
,,,,,,-0.657017827
,,,,,,1.441412926
,,,,,,-2.324878216
,,,,,,-0.497926116
,,,,,,-0.930027366
,,,,,,-0.806293845
,,,,,,-0.861487269
,,,,,,2.669828415
,,,,,,-0.839201808
,,,,,,1.515659809
,,,,,,0.748955071
,,,,,,-1.820483327
,,,,,,-0.406301856
,,,,,,-1.373005271
,,,,,,-0.498890758
,,,,,,2.332478046
,,,,,,-3.782520294
,,,,,,1.551792145
,,,,,,1.584483743
,,,,,,-0.714679122
,,,,,,5.487778187
,,,,,,0.319097519
,,,,,,-0.442866921
,,,,,,-0.697074533
,,,,,,-2.915097713
,,,,,,3.64152813
,,,,,,-1.169562697
,,,,,,-1.149373174
,,,,,,0.801404238
,,,,,,-0.776389003
,,,,,,-0.748384356
,,,,,,1.905085564
,,,,,,-0.187629461
,,,,,,-1.569637656
,,,,,,0.829483151
,,,,,,-0.402534127
,,,,,,4.093358517
,,,,,,1.065829754
,,,,,,0.519384146
,,,,,,-0.003628373
,,,,,,-1.13941586
,,,,,,-2.819898129
,,,,,,-1.113094926
,,,,,,1.583898306
,,,,,,-1.783746123
,,,,,,0.027472138
,,,,,,-0.22399354
,,,,,,3.084768772
,,,,,,0.045388699
,,,,,,4.272893429
,,,,,,-1.882467628
,,,,,,1.883206129
,,,,,,-1.616274953
,,,,,,-1.744262576
,,,,,,-0.684790015
,,,,,,2.289280176
,,,,,,-2.829652786
,,,,,,0.431328535
,,,,,,8.541849136
,,,,,,-2.234009266
,,,,,,-4.779573441
,,,,,,-2.081428051
,,,,,,-1.619874835
,,,,,,-1.72337544
,,,,,,1.693066001
,,,,,,1.058200836
,,,,,,-1.331377864
,,,,,,3.445690393
,,,,,,-1.551072001
,,,,,,1.273434877
,,,,,,-1.40153873
,,,,,,1.863477826
,,,,,,0.162858486
,,,,,,2.274260521
,,,,,,2.035580635
,,,,,,2.014597416
,,,,,,-0.297434688
,,,,,,-0.414385915
,,,,,,-2.351677418
,,,,,,1.327306628
,,,,,,-2.481697083
,,,,,,-2.925836086
,,,,,,2.62637043
,,,,,,-2.178609371
,,,,,,2.230205059
,,,,,,0.436139464
,,,,,,7.280558109
,,,,,,1.577218413
,,,,,,-0.113565803
,,,,,,-0.544814944
,,,,,,0.440511703
,,,,,,0.186296701
,,,,,,1.525092602
,,,,,,-1.248598218
,,,,,,-1.324549556
,,,,,,-1.700573564
,,,,,,-1.707966208
,,,,,,0.005939484
,,,,,,1.161674142
,,,,,,2.726852417
,,,,,,5.99105978
,,,,,,-0.616258264
,,,,,,-0.38824904
,,,,,,-0.246254921
,,,,,,-0.54038918
,,,,,,-1.79223001
,,,,,,0.020021081
,,,,,,5.017528057
,,,,,,1.442973614
,,,,,,-0.934820056
,,,,,,0.447902083
,,,,,,0.331162453
,,,,,,3.350851059
,,,,,,5.643369198
,,,,,,-0.233773112
,,,,,,1.367506742
,,,,,,-0.604700685
,,,,,,-1.106490016
,,,,,,2.107145548
,,,,,,-2.129508495
,,,,,,-0.368064046
,,,,,,-0.376134753
,,,,,,0.975596607
,,,,,,0.362300277
,,,,,,-5.241467953
,,,,,,-1.130621314
,,,,,,0.033226013
,,,,,,0.887319446
,,,,,,2.569251299
,,,,,,2.382311344
,,,,,,0.568411469
,,,,,,5.3743186
,,,,,,2.454479694
,,,,,,0.2619555
,,,,,,2.138179779
,,,,,,2.188972712
,,,,,,-0.141028404
,,,,,,0.125660777
,,,,,,-0.791808486
,,,,,,-1.45738709
,,,,,,-0.17742002
,,,,,,1.248057604
,,,,,,3.189176559
,,,,,,2.409314394
,,,,,,-0.848228574
,,,,,,2.19024682
,,,,,,-0.780956626
,,,,,,1.100782156
,,,,,,-1.511282802
,,,,,,1.63984406
,,,,,,2.827763081
,,,,,,0.275396466
,,,,,,-1.674975514
,,,,,,-1.538257718
,,,,,,-1.353079677
,,,,,,-1.233449101
,,,,,,0.562316895
,,,,,,-0.218155026
,,,,,,4.355381966
,,,,,,-1.394103646
,,,,,,2.819408894
,,,,,,-2.125700951
,,,,,,0.35316813
,,,,,,2.630269051
,,,,,,0.366265893
,,,,,,-1.774437785
,,,,,,5.335728168
,,,,,,1.636058569
,,,,,,2.578551054
,,,,,,-0.82663095
,,,,,,4.616659164
,,,,,,-0.094537377
,,,,,,-5.456319809
,,,,,,-1.862302661
,,,,,,3.375351429
,,,,,,-0.285577893
,,,,,,2.902785778
,,,,,,0.527331233
,,,,,,2.205082893
,,,,,,0.301293373
,,,,,,0.453581095
,,,,,,0.795705736
,,,,,,0.942989886
,,,,,,3.712451458
,,,,,,0.191278338
,,,,,,-1.335642695
,,,,,,-0.347127557
,,,,,,-1.557289481
,,,,,,-1.489637256
,,,,,,-0.307669759
,,,,,,-1.962923646
,,,,,,-0.833236337
,,,,,,-2.246765614
,,,,,,2.412042618
,,,,,,7.774933815
,,,,,,-2.12155056
,,,,,,3.684132814
,,,,,,-1.392214894
,,,,,,2.42099762
,,,,,,-1.315224051
,,,,,,0.192550421
,,,,,,0.406921864
,,,,,,-2.666300774
,,,,,,0.288703799
,,,,,,-2.129854202
,,,,,,-3.814790726
,,,,,,0.474338293
,,,,,,-1.119241357
,,,,,,-3.52039814
,,,,,,-1.563468814
,,,,,,-2.010502338
,,,,,,-0.168869257
,,,,,,-2.491873741
,,,,,,-1.157004237
,,,,,,-3.565279961
,,,,,,-2.856755257
,,,,,,3.480733871
,,,,,,-2.136698246
,,,,,,-0.777822614
,,,,,,2.398639202
,,,,,,-3.921031952
,,,,,,1.630712867
,,,,,,4.309598446
,,,,,,0.552545786
,,,,,,-2.246060848
,,,,,,3.91025877
,,,,,,2.433006048
,,,,,,2.046633244
,,,,,,2.313397408
,,,,,,3.303626776
,,,,,,-5.549119473
,,,,,,-2.132818222
,,,,,,-1.855486274
,,,,,,-1.569223046
,,,,,,-0.639582515
,,,,,,-1.295666814
,,,,,,4.012441158
,,,,,,2.215769291
,,,,,,0.919068813
,,,,,,-1.826688409
,,,,,,0.989737391
,,,,,,0.483534813
,,,,,,-1.787068486
,,,,,,1.686026692
,,,,,,2.06979537
,,,,,,5.909800529
,,,,,,-0.909747005
,,,,,,-1.524789453
,,,,,,0.581331134
,,,,,,-0.223545313
,,,,,,3.380668879
,,,,,,3.148202419
,,,,,,-1.758486867
,,,,,,2.128511429
,,,,,,2.942058802
,,,,,,2.781641722
,,,,,,7.01442194
,,,,,,7.063037872
,,,,,,-1.592687726
,,,,,,-1.013068318
,,,,,,0.015292764
,,,,,,-1.56096828
,,,,,,-1.953553081
,,,,,,1.274210215
,,,,,,-0.272069693
,,,,,,-1.695002675
,,,,,,-2.034424782
,,,,,,-1.987754941
,,,,,,2.366161108
,,,,,,-1.328383088
,,,,,,-0.613665223
,,,,,,-0.464063287
,,,,,,-0.390353084
,,,,,,-0.231116295
,,,,,,1.57886982
,,,,,,-0.74680531
,,,,,,1.06842494
,,,,,,0.727734029
,,,,,,0.509236813
,,,,,,2.203589439
,,,,,,-1.195600867
,,,,,,1.814864874
,,,,,,0.445686698
,,,,,,1.064079285
,,,,,,2.402183056
,,,,,,-1.192176223
,,,,,,-0.838785768
,,,,,,-2.083786011
,,,,,,0.867358744
,,,,,,1.183819771
,,,,,,3.726511002
,,,,,,-1.273997188
,,,,,,-3.031973839
,,,,,,1.394827127
,,,,,,-0.344970107
,,,,,,2.284650564
,,,,,,2.728648186
,,,,,,0.97474122
,,,,,,-1.968134761
,,,,,,-2.044726849
,,,,,,8.085214615
,,,,,,5.948343277
,,,,,,1.321094632
,,,,,,-1.967540622
,,,,,,6.357265949
,,,,,,3.775206089
,,,,,,2.488528967
,,,,,,3.633803606
,,,,,,-0.500259995
,,,,,,-0.662855506
,,,,,,-2.581646919
,,,,,,1.848014474
,,,,,,-0.523665786
,,,,,,-2.395766258
,,,,,,-1.027771115
,,,,,,2.977229595
,,,,,,1.95374918
,,,,,,-1.801266789
,,,,,,-1.23745811
,,,,,,1.079273462
,,,,,,0.692090392
,,,,,,0.582253337
,,,,,,3.112738371
,,,,,,-0.486658454
,,,,,,-1.234575152
,,,,,,1.921540737
,,,,,,-0.017201185
,,,,,,0.005027413
,,,,,,1.910766006
,,,,,,3.287601709
,,,,,,2.089047432
,,,,,,1.759062171
,,,,,,-2.107685566
,,,,,,-1.650921464
,,,,,,0.325796247
,,,,,,-1.362601399
,,,,,,3.03034544
,,,,,,0.349133372
,,,,,,1.742085338
,,,,,,-1.842475533
,,,,,,1.035058498
,,,,,,0.878402054
,,,,,,-2.640660763
,,,,,,1.684706211
,,,,,,2.087386131
,,,,,,2.161801815
,,,,,,-3.235727787
,,,,,,1.470439076
,,,,,,4.532627583
,,,,,,1.238735914
,,,,,,-0.302194476
,,,,,,2.502838612
,,,,,,4.421251297
,,,,,,2.357103825
,,,,,,2.162642717
,,,,,,2.485597849
,,,,,,-0.476890922
,,,,,,2.599659443
,,,,,,-1.421723485
,,,,,,-1.344062209
,,,,,,0.333856583
,,,,,,-0.886706948
,,,,,,0.143712401
,,,,,,-1.597654939
,,,,,,2.597961664
,,,,,,0.145276308
,,,,,,0.764365911
,,,,,,-2.44232893
,,,,,,-0.242764711
,,,,,,-0.491864085
,,,,,,-3.406644821
,,,,,,-0.32488811
,,,,,,0.882328212
,,,,,,2.077608585
,,,,,,0.086437702
,,,,,,3.55532217
,,,,,,2.993697166
,,,,,,-0.33571732
,,,,,,-4.435622692
,,,,,,0.594894171
,,,,,,-0.308693528
,,,,,,1.137111664
,,,,,,-1.837655902
,,,,,,3.422480822
,,,,,,-1.303307414
,,,,,,-1.093629479
,,,,,,2.923081636
,,,,,,-0.883095384
,,,,,,-0.09850502
,,,,,,0.178087234
,,,,,,0.905186713
,,,,,,-1.855966449
,,,,,,-1.645487428
,,,,,,-1.652403712
,,,,,,4.672565937
,,,,,,0.382961988
,,,,,,-1.038656354
,,,,,,4.4952631
,,,,,,-4.856453896
,,,,,,-0.015044451
,,,,,,-1.826248288
,,,,,,0.712498069
,,,,,,4.80235815
,,,,,,3.059083462
,,,,,,1.754766464
,,,,,,-1.130044341
,,,,,,0.583663821
,,,,,,-2.484568119
,,,,,,4.81349802
,,,,,,1.014935255
,,,,,,9.088570595
,,,,,,2.676272154
,,,,,,2.463881493
,,,,,,6.965531349
,,,,,,0.499861717
,,,,,,1.386228442
,,,,,,2.553480148
,,,,,,-1.455994248
,,,,,,2.191342592
,,,,,,0.414844513
,,,,,,0.884092569
,,,,,,1.192398787
,,,,,,3.054336071
,,,,,,-1.343142629
,,,,,,-0.829095721
,,,,,,2.610035181
,,,,,,-2.609941006
,,,,,,-1.918627858
,,,,,,-2.703841686
,,,,,,-1.40292275
,,,,,,-2.157813549
,,,,,,-0.432839036
,,,,,,-1.329435229
,,,,,,-0.430208087
,,,,,,-0.845752597
,,,,,,0.484183908
,,,,,,-1.581409335
,,,,,,0.31530118
,,,,,,-0.259150267
,,,,,,-1.350611329
,,,,,,1.530603886
,,,,,,-0.213148713
,,,,,,2.337582111
,,,,,,3.755930424
,,,,,,2.997210503
,,,,,,1.199920654
,,,,,,4.227383614
,,,,,,-1.79971087
,,,,,,2.75538373
,,,,,,1.933338523
,,,,,,-0.33668077
,,,,,,-1.63981092
,,,,,,-1.225245595
,,,,,,-1.643984199
,,,,,,2.643115282
,,,,,,-1.532706857
,,,,,,-0.532932162
,,,,,,-1.40667665
,,,,,,-0.372284055
,,,,,,0.315103769
,,,,,,1.61247468
,,,,,,-2.875861645
,,,,,,-0.991077781
,,,,,,-0.39840734
,,,,,,-1.878247142
,,,,,,-0.633218646
,,,,,,3.321058035
,,,,,,0.595385075
,,,,,,-0.997907996
,,,,,,-1.491665244
,,,,,,-1.988757253
,,,,,,1.086373568
,,,,,,-1.174741387
,,,,,,-0.970704675
,,,,,,2.983159781
,,,,,,0.506706238
,,,,,,0.812870026
,,,,,,1.010731697
,,,,,,2.808039427
,,,,,,-4.121026516
,,,,,,2.312135458
,,,,,,3.61879611
,,,,,,1.568120241
,,,,,,1.427233338
,,,,,,-0.401584029
,,,,,,1.617910504
,,,,,,0.566919804
,,,,,,-1.444872975
,,,,,,-1.221337199
,,,,,,-1.485233903
,,,,,,-1.726602674
,,,,,,-1.425520062
,,,,,,3.089354515
,,,,,,-0.322351813
,,,,,,4.878171444
,,,,,,0.694816351
,,,,,,1.152266502
,,,,,,-0.364270329
,,,,,,-2.773097992
,,,,,,-1.761503339
,,,,,,0.150796413
,,,,,,0.44688499
,,,,,,5.383463383
,,,,,,-2.364355087
,,,,,,-1.542640567
,,,,,,3.150777817
,,,,,,3.108049393
,,,,,,3.02073431
,,,,,,0.046452165
,,,,,,-1.074904323
,,,,,,1.127923846
,,,,,,2.751286983
,,,,,,-2.475752354
,,,,,,-1.997226834
,,,,,,1.059644341
,,,,,,2.087378263
,,,,,,0.995074034
,,,,,,0.102851748
,,,,,,1.136919975
,,,,,,-1.78810823
,,,,,,-0.972375274
,,,,,,0.741230547
,,,,,,2.97027874
,,,,,,-2.185382843
,,,,,,-1.758074403
,,,,,,-5.83530283
,,,,,,-0.766724944
,,,,,,0.054151177
,,,,,,-1.711061597
,,,,,,0.493207574
,,,,,,-0.061107516
,,,,,,4.621080399
,,,,,,1.207877159
,,,,,,0.721751571
,,,,,,-0.053251863
,,,,,,0.874287367
,,,,,,-0.201361418
,,,,,,1.174457073
,,,,,,-1.594850898
,,,,,,-0.409211516
,,,,,,2.632739067
,,,,,,0.639789343
,,,,,,-0.693183541
,,,,,,-1.562128425
,,,,,,1.40332675
,,,,,,-0.147800922
,,,,,,0.126417398
,,,,,,0.703355432
,,,,,,-1.73769033
,,,,,,1.793425202
,,,,,,-1.629624248
,,,,,,-2.588676929
,,,,,,-1.565445065
,,,,,,3.159499645
,,,,,,-2.00534153
,,,,,,3.096669674
,,,,,,-0.821403861
,,,,,,3.662671566
,,,,,,-1.88490808
,,,,,,-0.708574891
,,,,,,2.795079231
,,,,,,-1.027844787
,,,,,,-2.631155491
,,,,,,-1.178925872
,,,,,,0.909065127
,,,,,,1.835303426
,,,,,,6.536384106
,,,,,,0.260928869
,,,,,,1.457698345
,,,,,,1.589025378
,,,,,,-0.964012027
,,,,,,0.607219219
,,,,,,-1.545406699
,,,,,,2.085020781
,,,,,,1.266422868
,,,,,,-1.081096053
,,,,,,0.136371374
,,,,,,2.255759478
,,,,,,0.796686888
,,,,,,0.553870201
,,,,,,2.821363926
,,,,,,1.054923892
,,,,,,-1.225162148
,,,,,,-4.136065006
,,,,,,-1.00261867
,,,,,,-0.623972535
,,,,,,1.763257504
,,,,,,-2.722957611
,,,,,,1.992840767
,,,,,,-0.664260507
,,,,,,0.773052454
,,,,,,6.107662201
,,,,,,0.44047761
,,,,,,-0.177080631
,,,,,,0.714972854
,,,,,,2.062682629
,,,,,,4.737896442
,,,,,,-1.311610818
,,,,,,1.677634835
,,,,,,3.926810265
,,,,,,0.580223918
,,,,,,3.508416653
,,,,,,-3.056808949
,,,,,,3.971163273
,,,,,,-0.505695701
,,,,,,-5.863167286
,,,,,,-0.219225049
,,,,,,5.277910233
,,,,,,3.873145103
,,,,,,0.264396429
,,,,,,1.62321794
,,,,,,0.762445748
,,,,,,-2.124902725
,,,,,,-2.746213913
,,,,,,0.432668328
,,,,,,0.595478535
,,,,,,-1.647471547
,,,,,,-2.520840645
,,,,,,-0.700019717
,,,,,,2.944014549
,,,,,,0.543902874
,,,,,,-2.707927227
,,,,,,-1.703230739
,,,,,,0.713204741
,,,,,,0.38338542
,,,,,,2.559556246
,,,,,,-0.860216022
,,,,,,-1.708752513
,,,,,,5.829382896
,,,,,,-1.626130939
,,,,,,2.633161545
,,,,,,3.649818897
,,,,,,1.343401194
,,,,,,-0.768455625
,,,,,,1.054664135
,,,,,,-0.257168651
,,,,,,-1.985683084
,,,,,,2.114954472
,,,,,,-1.274401784
,,,,,,0.945913434
,,,,,,-0.050328135
,,,,,,-1.547475696
,,,,,,0.369199276
,,,,,,-0.403314471
,,,,,,0.970808029
,,,,,,7.585122585
,,,,,,-1.965338111
,,,,,,2.290186644
,,,,,,1.98441565
,,,,,,-1.326427341
,,,,,,-2.272264481
,,,,,,5.192383289
,,,,,,-1.358856797
,,,,,,1.871973753
,,,,,,-1.227163672
,,,,,,1.48846972
,,,,,,-1.895233035
,,,,,,-0.455347896
,,,,,,-1.4052912
,,,,,,-0.514913917
,,,,,,-0.616831183
,,,,,,0.165461302
,,,,,,-2.42798233
,,,,,,-0.961919904
,,,,,,3.61110878
,,,,,,-1.782603383
,,,,,,1.899239421
,,,,,,4.84743309
,,,,,,2.584830999
,,,,,,-0.510694623
,,,,,,0.002720833
,,,,,,0.731788993
,,,,,,-1.192692876
,,,,,,-2.214696407
,,,,,,5.190837383
,,,,,,0.460193038
,,,,,,4.217638493
,,,,,,2.30465126
,,,,,,0.553054333
,,,,,,2.774837017
,,,,,,-0.274987221
,,,,,,-2.130856991
,,,,,,2.564934731
,,,,,,0.545854211
,,,,,,-1.297807336
,,,,,,-1.750450969
,,,,,,1.742982984
,,,,,,-2.281534195
,,,,,,0.279077888
,,,,,,-2.037631512
,,,,,,-1.970628858
,,,,,,-0.693357825
,,,,,,-0.457112432
,,,,,,-0.999967217
,,,,,,-0.318202138
,,,,,,1.515567541
,,,,,,-2.628354549
,,,,,,-0.327356219
,,,,,,2.408712864
,,,,,,-1.347972751
,,,,,,-0.703132987
,,,,,,-0.648798823
,,,,,,0.519838929
,,,,,,-0.196107864
,,,,,,-1.558661103
,,,,,,5.423294544
,,,,,,1.574821234
,,,,,,-5.111635208
,,,,,,-0.491074681
,,,,,,-0.86236608
,,,,,,-0.874367833
,,,,,,2.196967363
,,,,,,1.264747381
,,,,,,2.376528263
,,,,,,4.037482738
,,,,,,1.039315224
,,,,,,2.176514626
,,,,,,-1.359029651
,,,,,,4.911680222
,,,,,,-1.893882632
,,,,,,0.878444016
,,,,,,0.703363538
,,,,,,0.444120407
,,,,,,-0.986500144
,,,,,,1.906183958
,,,,,,3.482170105
,,,,,,1.129928112
,,,,,,-2.388023853
,,,,,,-1.918435454
,,,,,,0.466632962
,,,,,,4.099116325
,,,,,,-1.0081321
,,,,,,0.681085229
,,,,,,5.968162537
,,,,,,-1.280600905
,,,,,,-1.243154645
,,,,,,8.525062561
,,,,,,-6.401516438
,,,,,,0.239736795
,,,,,,2.587519646
,,,,,,-0.157748699
,,,,,,4.887056351
,,,,,,-0.4347471
,,,,,,1.959496975
,,,,,,0.673040867
,,,,,,0.962089777
,,,,,,1.562502027
,,,,,,7.572093487
,,,,,,0.649407744
,,,,,,-0.916308522
,,,,,,0.748514533
,,,,,,-1.060685754
,,,,,,-0.862177491
,,,,,,-0.794053435
,,,,,,1.912188649
,,,,,,1.401234627
,,,,,,2.467795372
,,,,,,-1.686036944
,,,,,,1.771388054
,,,,,,1.633349895
,,,,,,-0.257015228
,,,,,,-1.658115268
,,,,,,-0.302254558
,,,,,,-0.587728858
,,,,,,-0.881761909
,,,,,,-0.292820811
,,,,,,-0.470445752
,,,,,,-1.643496633
,,,,,,0.196556807
,,,,,,-0.950811267
,,,,,,-0.631132722
,,,,,,4.764957905
,,,,,,-9.051697731
,,,,,,1.030036926
,,,,,,1.315340757
,,,,,,2.277510405
,,,,,,-0.877663493
,,,,,,3.167078972
,,,,,,3.147893429
,,,,,,2.505644321
,,,,,,1.610460162
,,,,,,1.683009148
,,,,,,0.48212254
,,,,,,2.879407167
,,,,,,-0.318066001
,,,,,,-1.650476098
,,,,,,-0.84446919
,,,,,,0.768205822
,,,,,,-1.657090783
,,,,,,-0.265183926
,,,,,,-1.381100535
,,,,,,1.245629549
,,,,,,-1.718239903
,,,,,,-2.445774078
,,,,,,-1.008208632
,,,,,,-1.362644792
,,,,,,-0.393151402
,,,,,,3.581188202
,,,,,,-0.574558616
,,,,,,0.724506438
,,,,,,1.324827552
,,,,,,-0.332296968
,,,,,,2.009234667
,,,,,,6.886219025
,,,,,,-0.653449416
,,,,,,0.609117746
,,,,,,-2.319301605
,,,,,,0.141208529
,,,,,,0.991433263
,,,,,,-2.70645237
,,,,,,-1.490303874
,,,,,,1.789399743
,,,,,,0.960746169
,,,,,,-0.891605496
,,,,,,3.179366112
,,,,,,0.235783577
,,,,,,2.675565243
,,,,,,-0.135583401
,,,,,,2.68180275
,,,,,,2.636862278
,,,,,,-1.144383311
,,,,,,1.697651029
,,,,,,0.609294772
,,,,,,0.614086747
,,,,,,-2.130268574
,,,,,,-1.513016582
,,,,,,3.546355724
,,,,,,1.155481577
,,,,,,3.102220058
,,,,,,1.067665458
,,,,,,0.88949424
,,,,,,0.478726983
,,,,,,2.474924088
,,,,,,7.290914059
,,,,,,1.993545294
,,,,,,4.011908054
,,,,,,0.505373716
,,,,,,3.912537575
,,,,,,-3.455440044
,,,,,,0.110367417
,,,,,,1.914693952
,,,,,,-1.78711617
,,,,,,-1.000871062
,,,,,,1.341392994
,,,,,,-0.932350039
,,,,,,3.526508331
,,,,,,5.314139843
,,,,,,2.915049553
,,,,,,0.677789807
,,,,,,-0.759843707
,,,,,,0.586611152
,,,,,,-1.230826497
,,,,,,-0.490676522
,,,,,,3.828598976
,,,,,,2.796144009
,,,,,,1.134336948
,,,,,,-2.477062225
,,,,,,0.334147334
,,,,,,0.611781955
,,,,,,-2.620044231
,,,,,,0.546231031
,,,,,,1.286597729
,,,,,,6.427121639
,,,,,,1.645715475
,,,,,,-0.550978065
,,,,,,3.008482218
,,,,,,0.222778082
,,,,,,-1.516116738
,,,,,,1.255168676
,,,,,,4.712376595
,,,,,,1.487871885
,,,,,,0.195861578
,,,,,,-0.821314692
,,,,,,-1.515212178
,,,,,,5.451110363
,,,,,,1.492205977
,,,,,,-1.652990937
,,,,,,-0.127865911
,,,,,,2.511067867
,,,,,,-0.837467074
,,,,,,-0.837756515
,,,,,,-0.902340293
,,,,,,1.816493273
,,,,,,1.959224105
,,,,,,2.611891508
,,,,,,4.822192669
,,,,,,1.722545385
,,,,,,-1.938432574
,,,,,,1.19734478
,,,,,,0.355379105
,,,,,,-1.062105536
,,,,,,0.051294565
,,,,,,3.015079498
,,,,,,3.058148623
,,,,,,2.041729927
,,,,,,-3.198367596
,,,,,,-3.961980343
,,,,,,-1.035560489
,,,,,,2.223226547
,,,,,,0.910096586
,,,,,,2.097450256
,,,,,,-0.049927592
,,,,,,9.256105423
,,,,,,-0.234656334
,,,,,,-1.703387856
,,,,,,0.494550705
,,,,,,0.373015404
,,,,,,0.536021709
,,,,,,-0.418885827
,,,,,,0.218667865
,,,,,,4.900941372
,,,,,,-0.283441424
,,,,,,-0.396611571
,,,,,,-0.981033683
,,,,,,0.603225946
,,,,,,-0.777752757
,,,,,,0.200796723
,,,,,,-1.622961402
,,,,,,3.117352009
,,,,,,4.179239273
,,,,,,1.433026075
,,,,,,1.187497139
,,,,,,-0.536852479
,,,,,,-0.611400485
,,,,,,-0.843241334
,,,,,,-1.845218062
,,,,,,0.165434241
,,,,,,-0.664087892
,,,,,,-3.143586159
,,,,,,3.013329029
,,,,,,0.524187207
,,,,,,-0.147325039
,,,,,,0.861583054
,,,,,,3.823691845
,,,,,,-2.225426197
,,,,,,-1.764623284
,,,,,,-6.138227463
,,,,,,0.378920436
,,,,,,5.529794693
,,,,,,-0.432009339
,,,,,,-2.265769482
,,,,,,-0.703226447
,,,,,,-3.002028942
,,,,,,-0.800356507
,,,,,,-0.044194818
,,,,,,-0.643657327
,,,,,,3.373402596
,,,,,,-0.987580657
,,,,,,-0.458309293
,,,,,,3.598248959
,,,,,,0.269602656
,,,,,,1.686888337
,,,,,,-1.523227096
,,,,,,-0.462926984
,,,,,,0.650808215
,,,,,,-0.823224664
,,,,,,-6.043137074
,,,,,,-1.550114751
,,,,,,0.004717946
,,,,,,-0.795987487
,,,,,,1.100228667
,,,,,,-3.475609303
,,,,,,6.685996056
,,,,,,-2.195664883
,,,,,,4.464690208
,,,,,,2.080816031
,,,,,,2.55385375
,,,,,,-0.190973759
,,,,,,5.357907295
,,,,,,-0.669847131
,,,,,,1.903236032
,,,,,,1.258218408
,,,,,,0.391269326
,,,,,,2.896221161
,,,,,,-0.132772326
,,,,,,0.557817101
,,,,,,-1.115775466
,,,,,,1.145530224
,,,,,,0.130979896
,,,,,,-1.17035687
,,,,,,-0.408460021
,,,,,,-1.969358563
,,,,,,-0.837131143
,,,,,,0.581004739
,,,,,,0.250290871
,,,,,,-0.737471938
,,,,,,2.020083189
,,,,,,0.540490508
,,,,,,2.851444721
,,,,,,-1.526615977
,,,,,,-3.155292988
,,,,,,-0.534986615
,,,,,,1.083855152
,,,,,,0.629956961
,,,,,,1.232201338
,,,,,,-1.531155944
,,,,,,0.467327476
,,,,,,0.810481071
,,,,,,2.607174873
,,,,,,-0.666087508
,,,,,,-2.58265686
,,,,,,0.215143442
,,,,,,-0.307374835
,,,,,,-1.224835038
,,,,,,2.389518738
,,,,,,-1.785874009
,,,,,,2.494720697
,,,,,,-1.846166253
,,,,,,-3.136959076
,,,,,,0.11368072
,,,,,,-1.380627513
,,,,,,-1.889558911
,,,,,,1.509613752
,,,,,,-1.865269542
,,,,,,3.588027954
,,,,,,4.506541252
,,,,,,4.856584072
,,,,,,-0.920689702
,,,,,,-0.508445621
,,,,,,-2.207818985
,,,,,,-1.614484668
,,,,,,-2.010381699
,,,,,,1.769084215
,,,,,,-1.591073632
,,,,,,2.703337431
,,,,,,2.062264919
,,,,,,6.490342617
,,,,,,-0.351681828
,,,,,,-0.356465459
,,,,,,-1.314431787
,,,,,,-3.55008173
,,,,,,0.400691271
,,,,,,-1.283065915
,,,,,,-0.424460292
,,,,,,-1.689818025
,,,,,,0.302938938
,,,,,,1.286818027
,,,,,,1.692145348
,,,,,,-5.446604252
,,,,,,0.744639456
,,,,,,1.497240901
,,,,,,3.743135452
,,,,,,2.206785679
,,,,,,0.152418971
,,,,,,1.081002235
,,,,,,0.718683839
,,,,,,5.180150032
,,,,,,-1.131837487
,,,,,,-0.352846265
,,,,,,0.493663073
,,,,,,-0.846137643
,,,,,,2.61548996
,,,,,,3.234369755
,,,,,,0.225247145
,,,,,,0.743897498
,,,,,,-2.456682682
,,,,,,-2.419292927
,,,,,,-1.440602422
,,,,,,0.211311817
,,,,,,0.602463365
,,,,,,1.223377943
,,,,,,-0.29653585
,,,,,,-1.734197974
,,,,,,-1.179697394
,,,,,,-1.872197032
,,,,,,2.115718365
,,,,,,-2.321494579
,,,,,,1.445856929
,,,,,,1.196794868
,,,,,,-1.648846507
,,,,,,-1.034852624
,,,,,,4.019968033
,,,,,,1.185586214
,,,,,,-2.046227455
,,,,,,2.043535948
,,,,,,3.420443773
,,,,,,0.516254425
,,,,,,0.38519299
,,,,,,-1.762376666
,,,,,,-5.018509865
,,,,,,2.277428389
,,,,,,-1.198973298
,,,,,,2.786483765
,,,,,,0.633414865
,,,,,,2.311118126
,,,,,,-0.262775064
,,,,,,4.663493633
,,,,,,0.952853382
,,,,,,-0.529606223
,,,,,,1.174157262
,,,,,,0.337239385
,,,,,,0.313823581
,,,,,,-1.582912564
,,,,,,-1.104094148
,,,,,,-0.892526031
,,,,,,1.687466264
,,,,,,-0.726222873
,,,,,,0.650216937
,,,,,,-0.092170358
,,,,,,-0.683087945
,,,,,,-0.280180573
,,,,,,0.670948505
,,,,,,0.631815791
,,,,,,0.370502353
,,,,,,1.881721616
,,,,,,-0.214525223
,,,,,,3.485138655
,,,,,,4.487485886
,,,,,,0.047376871
,,,,,,1.680679083
,,,,,,0.734789073
,,,,,,3.23870039
,,,,,,0.070612073
,,,,,,-0.661284804
,,,,,,0.439126253
,,,,,,-0.1510849
,,,,,,-1.955919623
,,,,,,0.505346656
,,,,,,5.916698456
,,,,,,2.448693037
,,,,,,-1.294612288
,,,,,,0.674831271
,,,,,,-0.369246125
,,,,,,-2.75604248
,,,,,,3.671050072
,,,,,,2.005768061
,,,,,,-0.701581597
,,,,,,-2.581655979
,,,,,,0.985805511
,,,,,,8.159711838
,,,,,,-0.628999829
,,,,,,1.522263885
,,,,,,-0.060262203
,,,,,,1.721626043
,,,,,,-1.23386085
,,,,,,0.46350348
,,,,,,-2.881099701
,,,,,,0.100512266
,,,,,,-2.232151031
,,,,,,0.487049103
,,,,,,3.766479015
,,,,,,1.25537765
,,,,,,-0.038989544
,,,,,,-1.409236073
,,,,,,-1.061805606
,,,,,,-0.238217592
,,,,,,-1.688882947
,,,,,,-0.439739823
,,,,,,-1.176853061
,,,,,,-3.439031601
,,,,,,0.879578114
,,,,,,3.764688492
,,,,,,-1.363323569
,,,,,,4.615642071
,,,,,,-1.324322581
,,,,,,2.296357155
,,,,,,-1.393116832
,,,,,,2.850156784
,,,,,,5.274649143
,,,,,,-0.785661101
,,,,,,1.939284086
,,,,,,3.163352489
,,,,,,0.696073294
,,,,,,2.651334286
,,,,,,-0.71952045
,,,,,,-1.354881167
