Sequence,Wavelen,LII
CGGGTGTTCG,18.86760983,4.729186223
GTCCCCCGAA,6.479612059,4.956585676
GGGGCCTGCA,5.390670893,3.46430998
GGATGCGGCA,11.65867578,1.670837381
CCCCGGGGAC,4.21424095,8.800593342
CTTCTCCCGC,17.4064501,8.01757338
CCTATCCCGC,14.19698467,10.47664005
CCTTTCGAGA,14.12421973,10.35543754
CCCCCCTGAC,11.54619023,15.04226711
CCCCCGACAT,7.799877021,5.958932076
ATCGACCCGA,3.84231104,8.531627703
AGCCCGGGGG,9.600011502,12.53152322
GGACCCCGGC,3.876124371,5.996159727
CCCCCCGGAA,13.06865125,11.39589692
CCTGGGTGGA,17.7370303,9.06048444
CCCTGGTGCT,11.44594839,13.02693567
CCCCCTGGCT,10.42284098,4.6951898
CCTTGGTGAC,20.26366564,12.39448635
CCCCCATTCC,3.633697302,10.17143583
GGGGCCCGGA,14.20157524,10.63892594
CCCCCCTCTC,14.96731787,22.62665535
GTAAGCGGCC,12.35415537,9.342722868
CCGCCCGATC,3.473970309,1.131242911
CCCCGCGAAA,5.94666974,2.723411415
CCTTGGTGTT,9.386620685,3.466685861
CCGGGATGTT,5.252459169,5.831692215
CCTAGGGGGA,21.29711681,13.49058953
CTATCCCCCG,6.516215271,9.320474632
CCTCCCGGGA,11.86401876,4.181374481
GTTTCCGGGC,18.06590987,17.67494281
GTCCCCGGAC,13.42143959,11.6477963
TCCCCCGAAA,13.29542556,13.00088877
CCCGGGGGAG,9.396763746,7.091679635
CCCTGGGACA,8.784802324,5.43325536
CCGTGGGGTT,12.09532998,1.458162331
GGGAGTGCGA,10.96771209,4.916693255
CCCCCCGGGC,3.479290152,10.0988431
TCCCCGGGAA,9.588474161,7.564633687
CCCTGGTGTC,9.153196507,3.602040494
CCGTCCCGGG,7.218389864,8.540587869
GAGATCCCGA,11.13750376,10.31118843
CCTTGGCCCC,9.87856307,9.096014041
CCCCCGGCCG,9.871770655,8.812498717
GGGGTGGAGC,8.226722472,1.393922989
CAGAGTCCGG,3.551640641,1.106161362
GCGGCGCGCC,6.196705249,3.065379902
CCTGGTGGAG,12.23643327,6.564720288
TGTCCCGCCC,10.11900723,6.325493151
GGGTTCGCCC,23.28149546,7.527378495
CCAGGACTGA,4.871957551,0.552033267
GGGATCGGGT,8.974423056,9.437825999
GCCCCCGGAC,16.51370893,9.631124431
CCGGGGGCGC,14.74777407,1.164215363
TCGGGGGCCC,8.543417631,5.335406842
ACCGGGTTAA,11.50968871,6.418175882
CCCCGGGCGA,9.89278284,6.329927214
TCGCCGGGGG,7.57630907,1.518948578
GGTTCCCGGT,16.84018249,7.153440118
CCTCCGGAAC,21.24295978,10.99949839
GGGGCGGCCG,5.174691504,2.437362151
CCTCCCCCCC,7.782781601,14.80201313
GGGGTCGGGA,12.22468808,4.778521487
CCGCGGGGCA,17.44147645,5.842550755
CCTGTGGGAA,13.89316296,9.707468807
TTTCTGCCGC,11.06851152,4.31293796
CCTAGGTAGA,11.53739017,0.79565733
GATTGGGACC,12.34134868,3.813778253
CCTTCGGAAC,23.67313908,13.58220008
CCCTGGTGCG,7.812780014,5.5230682
CCCCCGGAAC,16.42262268,14.54150844
CCCAGGTGGA,12.64938425,10.18458315
CCTCGGGGAC,10.94788197,4.78417548
GTCCCGGGGG,3.489441762,3.482810336
CCTCCCTATT,13.41353145,6.924995549
GCTAGCCCCC,3.570443756,1.696931873
GAGGGCGGAA,11.39686519,7.141112245
GCTTCCCTGC,3.549913707,6.691743375
GTGTCGGATT,13.71729262,4.973975538
CCTGGGGGCC,19.94407841,13.37622724
CCCTCCTACT,20.57802711,16.06961475
CCTGGGTCGC,21.04394393,9.889630433
GGGATCTGGG,9.58651559,5.956886213
CCCCGGCCAC,17.98774985,13.57435059
GGCCCGAAAG,6.14137891,10.19778132
GTCCCCGGCG,17.27904253,17.69517089
CCCCGGAGCT,7.139198297,2.538621985
CCTTCCCCCC,4.179667217,10.52278776
AGCCCCCCGC,5.32882665,11.32828352
TCCCGCGATA,3.53692611,3.788489393
GTCCCTAGCG,3.941912975,4.464514128
CCTGCCGAAT,6.177391232,13.90713581
CCCCGGCGAA,13.18817698,9.859052664
CGGCCGGGGG,23.70853676,6.822899719
GTGGACGAAA,4.654830219,4.268475957
GCTGGGGGGA,7.602810898,1.047803888
TCCCCCGGAC,8.509588453,2.667480274
CCTGACCTGT,12.04101969,4.532343362
CCTGGTTGCT,4.838347975,7.44568628
GGCCCCGCGC,3.761152282,5.373997381
ACGGACGCCA,18.12934193,3.638596705
CTTTCGGGCT,19.16474034,13.85038466
GGGTCTGCCG,14.36665899,6.673751374
GCCGACGGAA,4.403122001,7.931598228
GACTGCCCCA,15.93125405,5.940059153
GGGGCGGGGG,7.666834055,5.991740743
CCTTGGTGTC,31.8534737,11.60997815
CCTAGCGCTC,3.686676041,5.418121181
CCTCTGTCAC,5.424227658,4.314269426
CCTCCGGGAC,6.037982764,1.020573791
GCTTCGAGAG,14.858446,7.34803592
GCCCCCTGGA,12.36749375,13.22634789
TCCCCCGGCC,7.868507999,1.127309409
GAATCCCTCC,20.25285927,5.781709444
GGCTGGGGGC,11.99132041,4.202134502
GCGAGGGAAA,4.048636247,6.288073138
CCGCCTCCGC,15.62762604,14.0844916
GCGAGGAACC,12.63916502,11.90503357
GCTCGGGGTT,5.127816323,12.87290958
TACCCCGTCC,5.937036659,6.420282547
CCGCCGGGCC,19.01887122,6.009823075
GGGCTTGCCG,7.58601424,10.12289419
CCCCGGTCTA,6.662391699,8.238475825
CCCCGGGGGC,6.063843557,2.356072554
CCCTGCGAGA,9.205239003,1.264433423
GTCCCCGGGG,13.61622759,1.395438021
CCCTCCTCTT,11.24947503,2.220925612
TCCCCCCGCG,7.804277989,12.33652074
CCCCCGTGTT,13.08629784,9.472153685
CCCTGGAGGA,13.89959935,7.260392682
TCCCCGCCAC,18.83653835,6.096081414
CCCCCGTGCC,10.3867926,11.15809028
GCGGGCGGCA,7.613141067,15.45299056
GGGGCGTACC,4.51062958,4.946028217
CCGGGGGCAA,4.481974776,4.082262539
CCCCGGGGCT,12.34730821,5.515321345
CCTTGGGGCC,5.105931971,4.397273895
GCCCCCCGAA,11.20223388,1.09622369
CCCCCCGGGA,5.250649279,4.142163966
CCCCCCTAAA,11.28522693,8.754658225
CCCAGTGGCA,8.227251573,1.94571874
CCTTTTGGGT,4.292351655,3.172981048
CCTTCGGGCC,11.37630802,10.11643834
CCCCCGTGGT,6.576799267,8.437208826
GCCGGATAAA,7.246963231,9.66124116
CCGCGGGATG,5.622540428,10.17641626
CCTCGGTGGT,8.14650376,3.735630798
GCCCCCGGGC,20.03636462,4.251686872
CCTCGGGGAT,16.96163122,7.774844476
CCCCAGTCTC,15.651115,18.1776062
CCCCGGGGAA,4.158350673,3.297751322
TACCGCGCCC,3.527933267,1.496530334
CCGCCCGAAA,17.04044849,6.552638955
CCCGGGGGGC,20.11804377,19.75383525
TCCCCCGGAG,16.91632886,8.719074727
CCTTTCTCGC,18.14506532,14.20897014
CCCCCCCCCC,8.630036001,17.21475792
GGCTCCGCCA,7.567425147,4.390861449
GCCTCCGGGC,11.5853912,7.155332088
GATCACGTGC,8.033785673,2.115191462
TGCCCGGGCC,13.60947219,9.121716425
CCGAGGGCGC,5.898746548,0.802275429
ACTACCCTCG,15.56124156,5.274150785
ACTTCCAGTC,8.075364579,12.1479592
TCCGGAGGAA,5.888114956,9.764510572
CCCCCCGAAA,3.776503948,5.735499864
CCCTCCGGCA,6.128233818,8.665545149
GTCCCCGGGC,6.182966199,5.090401086
CCTGGGGGGA,11.54505833,6.391414929
CCCCCTTGAC,21.10756086,12.17826938
CCTGGGGCGA,5.069273318,11.33964073
CCCCGGGAAA,3.627280409,9.548823553
CCTTCGGAAT,7.20370379,3.854372195
CCTAGGGCGC,18.47318741,19.18421718
CGCTGCCCGC,11.16153153,9.150588808
CCGGCCCCAG,8.813020951,6.796539051
CCCCCGGGAA,8.962791143,3.834772329
CCTCCGGGAG,20.41063468,9.554892374
GTCCCTGGGG,11.77012768,7.110641353
GCGGGGTGGC,10.79791647,16.36235174
TCCCCCGGCG,17.50528335,6.034900018
CCCCACCCGA,21.73360831,15.82626532
CCTCTGGGAC,5.245745301,9.604457874
CCCCCCCCAG,9.638659551,8.699243684
GCCTGGGCCC,10.43019644,4.695139244
GGTGGCCCCC,9.964332447,5.601780396
GGTCGGGCGG,6.113654435,2.292325241
GGTCGAGGCG,12.92695308,6.971327135
CCCTCGGAAG,10.4358687,11.96539582
CCCTCGGGAT,6.815736318,7.721252885
GTCTGGGGGC,17.14113983,8.143890736
CCGGGGGCGG,6.33040826,6.864005847
CCGGGTTCGG,12.52555765,5.506371131
CCCCCCTGGC,11.4086671,4.562769413
GTACCCCCGG,7.50611549,5.7640043
ATTCGCCCGC,5.139573126,5.564254378
GTTGGGGCGC,6.456584347,10.72243662
GTCCCCGCGG,4.159296191,1.155839631
CCTCCCCCCG,17.79340037,13.84252548
GATCCCGGGC,8.09048505,2.980137579
CAGTGGGGAA,10.54333411,4.706464029
CCTCTGGTGA,16.54509448,3.38291096
CCCCGGTCTT,14.78293471,19.9596696
CCTGGGGGGT,4.513213588,5.918871184
CCTGGGGGAA,16.00072276,12.51982177
CCCCCGGGAC,6.998829586,8.129467693
CCCGGGGGGG,17.57911335,6.840247192
GCACCCGAAA,5.17008374,4.09202917
CCCCCGAGAC,11.48537069,8.786168862
CAGGGCGGAA,14.05012459,6.605142571
GCCTGGGGGA,8.976420458,3.012581221
CCTTGGGGTT,18.72821264,2.270429043
CCGCCCCCCC,6.49193833,11.59549835
TCCCCGGGGA,17.88704458,4.953507275
GGGAGCGAAA,15.28802361,5.633290078
AGGGGGGTCA,11.14236219,4.501768464
CCTTGGGGGC,3.775960282,2.362415012
CCCTGGGGAC,12.71613423,9.340268896
CCCCCTGGAA,4.329330253,6.537062491
CCCCGATCTC,14.75944192,12.41900347
CCCCACCCCC,3.654844495,6.844298593
TCTGGGGATG,5.239966611,4.579403586
ACCTCGGGAC,6.117905881,7.548787865
CCTTCCCAAA,17.79676924,4.599931298
CCCCCCTAGC,10.44346942,12.53254712
CCTTCGGATC,6.560861963,1.221707878
GGGGGCGTCA,5.212187653,2.431508064
CCCCCGTGGC,13.75491359,2.93150403
CCCCCGGCGC,14.84540213,10.003184
AGCCCCACCC,23.89066337,13.78711556
CCTAGGGGGG,5.512450963,5.020898413
GCTCCCGAAA,13.52235192,6.939408391
TCCCGGGGAG,16.66767064,10.90275411
CCGTTTGGAA,3.955270371,13.00017181
CCCTTCGGAA,10.42602884,3.773418025
GCGGGGGCGG,8.734913514,6.798484994
GGGTCCGGCC,8.436876411,12.10748429
CGCCGGGGGC,11.30358914,16.02346682
CCTTGGGGAA,20.9878106,6.105685597
CCGACGCCGA,6.882390729,1.722789264
CCTGGCGGCG,8.374823564,12.41137223
CCCTGGTCTC,21.25639606,13.99348408
ACGGCGCGAT,5.658302935,7.465984675
TCGGGTGTGC,17.5290592,9.660580246
CCCCCCGAAT,16.24342054,11.41298181
CCCCCCGGGG,9.459297086,10.83677787
CCCCCGGGGT,14.78201513,2.059170873
GTTGGTGCGC,5.517868539,3.527720628
CCTGTCGGGC,13.2600762,10.44076707
CACGGGGAAG,5.989902358,1.304025967
ACCCGGGCGG,12.10622371,6.868903431
CCGGCGACCT,8.685793872,2.965025413
CCGGGGGCGT,15.05612783,8.307345198
GCCCCCGAAA,5.555203773,3.258242259
CCCCCCTGTT,6.693618474,7.168711355
GGCCGGGGAG,17.33911023,11.32207564
GCACCCGAAG,5.256792101,0.853521118
TGATCCCGCT,8.032407794,3.512029705
CCTCCGGAAT,18.16206022,6.128660631
GTCGGGGGCC,14.29036083,12.53230621
CCCTGGGGGA,6.968642392,5.295551877
GGCCGGGCCC,7.499032922,9.465893712
CCACCCTCGG,13.75300952,1.440298839
GTGGTCATAC,13.69632449,16.59347748
CCTCCTGGGC,4.308985553,1.18975419
TGGGTCGCCC,5.227029066,2.085515882
GAGGCGGCGG,18.84961026,14.48669178
GCTCCCGGAG,6.74346521,1.706825046
TGCCGGGGCT,4.118065375,3.48779655
GATACCGTCC,14.19203055,3.375532516
GAAGGCCCCG,15.12459599,8.267770864
CCTATCTAGC,9.804111932,6.003718042
CCCCCGGGGG,10.38207096,5.241528364
TCCCACGCGC,4.947184758,4.617845813
CCCCCCTATC,11.76708387,14.08662098
AGCCCCGACG,4.708937405,0.481636353
GCCCGGGATC,8.904621611,5.269267372
TGGGGCGTCG,21.05070692,9.193251255
CCTTCCCCCG,22.00229538,6.610311539
AGAGCCCCGC,5.209056106,1.275706599
GCCTGGGGCC,11.00702415,8.804871555
CCCTCGAGAT,12.77643107,12.29363762
CCTGGGTGAT,14.10839515,11.6382105
ATTCCGGACC,7.712617346,8.203241246
GCTTCCGGAA,16.59000133,6.156344168
CCCTCCCCTC,8.03401789,2.401755286
GCGGGTGCGG,8.793012559,3.968658292
CCTTCCGGAC,6.968987978,3.191834484
CTGTGGGCGG,10.55918071,5.446636424
CCCTGAAATG,7.312022643,5.73368572
GGCCCGGGAA,5.612562002,3.942338071
CCCTGGACAC,23.78054445,20.79284852
GCGTCCGAAG,13.95279829,11.45075488
AGTCCGGGCA,3.546688014,4.499565574
GCCCCGGGGG,20.18146673,13.87910916
CCGCGGGGCG,7.425977019,15.9114317
GCGGCCTGGG,5.197591933,1.808543132
ACCCCGGGAT,19.79202506,1.21104898
CCTTGGGCCC,3.482764032,4.254287215
CCTTGGGGAC,5.257310888,7.006001575
CCGCCGGGAA,5.274301585,2.454682217
GTGGGGGTGC,5.219842733,3.622119617
CCGTGGGGCG,20.64138609,9.293592096
CCCCCCGATT,12.56462303,0.946311901
CTTTGGGGCT,10.65510243,6.055899895
GCCCCCCGGA,4.110086943,4.854392301
CCCCCCTGAT,26.68094142,10.46554635
GGTAACCCCG,11.64479138,7.223178633
GATCTCGCGC,20.11521577,4.499939206
CCGGGGCCCG,4.076128103,4.047126215
GAGGCCGGAG,16.81439631,18.32421398
GAAAGGTCGA,7.487994219,5.961180197
TCGAGCCCCC,10.83467212,8.658775513
GACGGCGAAT,6.936005708,1.852096909
GGTCCCTGCC,10.15545455,6.774351771
CCGTGGGGTC,22.3489984,16.70696605
GCCCCCGGAA,12.03322628,1.587788049
GCGACTCAAA,6.886172366,3.564090172
ACCCCCGCCC,7.466707586,3.248896509
ACCCCGCGCC,9.314608205,4.352861784
CCCCCCCCAA,11.86742104,4.73067823
GTCCCGGGCT,9.283648115,4.372439025
TCCCTGCCAA,14.92938834,5.294449053
TCCCCCGGAA,7.608740983,1.405126959
CCCTGGGGAA,4.139346647,3.84591878
GCCGGGGGGC,19.98332228,2.378247579
CCGCGGGGTC,8.54819122,4.830330177
GGGGGCGCGC,8.631972789,8.734268796
GGTTGCGGGC,18.60182843,7.696368818
TCCCCGGGCG,6.641835537,16.24668608
CCTTTGGGAT,7.002364434,7.821424314
GACGCGGAGG,6.742420441,6.660812059
CCCCCGGATC,9.452942756,4.162831291
CCGGTGGGTG,8.497908829,9.322085262
CCTTTCTCAA,6.689249035,2.866729035
CCTGCCGCGG,18.53222282,5.42897554
CCCCCGGGTT,6.728641182,2.115745435
GCGTCCGGGA,7.833487304,2.836564939
CCCCGGGGGT,4.450789036,2.489715495
CCTCGGGGTT,9.019511707,2.792501008
GCCCCCGAAC,9.21102183,8.499358138
TCCCGAGGAG,10.44739816,4.627147981
CCCCCGGACG,14.78177378,7.096219517
CCCCCGGGGC,6.30630005,7.157781864
GCAGCCCCCA,9.633471743,7.990220385
CCTGGGGGAG,3.768276191,2.199823687
GTCCCCCCCG,3.813153344,14.26355875
CCTGGGGGTC,7.187699875,1.889847968
GGGCGAAGAA,15.26272125,5.707465948
GTGGTCGCAA,3.983800412,2.99682122
GCGTCCGGGC,5.437030372,8.890806101
CCGTCGTGCT,10.253378,9.028224169
TCTATCCGCC,21.09099214,14.47456062
CCCCCCGATA,15.61343862,8.752311469
GGGGTCTGCC,5.72191498,2.9493815
CCCTCGTCTC,18.80385829,8.657264219
GCGGGGGGGA,11.7303168,7.142234338
GCTATCCTTA,6.547766158,4.25645881
CCTATGTGGG,12.31365291,4.661845362
CCGTCCTGAA,5.717071557,1.326867224
GCGGCCTAGG,19.34144124,14.69316847
CCTTCGGAAA,18.85887701,4.882949018
CCCACCCTGT,5.989226473,4.982861967
GGGCCCGAGA,8.985219575,6.915806315
CCCGGGAATG,13.90238949,3.114243156
CCCGGGCCCC,7.087817042,2.489242398
GGAGTCGGAA,13.44367057,14.76942747
TCTAGCGGCA,17.20831003,1.02951813
CCTGGCGGGC,14.16364759,16.8038439
CTGCCGGATT,4.134814911,2.760508645
CCCTGGTATT,5.670850516,6.50823914
AGCCGGGGGA,6.648117525,7.203132965
TTCCCCTTCC,4.399293919,6.866695685
GCCCGGGGAG,13.11839857,1.694487891
GCTATCGGCA,3.824301789,3.554036086
ACCCGGGGCG,15.35760466,2.277502481
CCCCCCTACT,6.546505114,3.371859362
CGCCCCGGGC,7.186666984,0.744078297
CCCCCGTGAC,4.792621386,0.836189284
GCCTGGGGTT,25.23567833,10.79465811
CCCATGCCTG,9.693628423,13.53342246
CCCAGGCCTC,7.896408058,10.62149539
GCAGCCCCCG,9.778795797,4.187438586
GCGGTGGGGC,14.30417398,12.76319597
CCCCCGGACC,21.02252122,6.533618725
CCCCGGCCTC,16.30818279,15.61052164
TCCCGGGGTG,3.595073466,2.725284938
ATACTCCCCC,12.00131709,12.51442243
CCTTGGTGCT,9.361143534,9.296804783
GGGGTCCCCG,9.468193429,1.668138751
CCGCGAAATC,18.05007881,7.654906483
CCCCCGTACT,3.788640009,7.353430209
GCGAGGTAGC,9.77903143,8.763109253
GGGGTGTGGC,9.444713298,3.288456685
CTGCCGGGGG,8.321000058,8.361636717
ATCCCCCCGC,12.20983075,3.024177789
CCGGGGAGAG,10.1209356,2.043644833
CTCGGGGGCT,10.38336763,12.19875434
CCGTGGGGGA,17.98379415,13.53648296
GCTGTCGGGA,14.10023371,1.447466502
GCGAGGTTGA,9.885345556,12.77004304
GCCCTCGGGA,9.229415647,12.50035314
CCCCCCGCCC,4.430294171,7.226844418
CCCGGTGCAA,15.18492499,8.218736328
CTCCCCCCGC,13.78669349,6.711494188
GACTGCGGAC,9.709172166,5.953657967
CGGGTCCCAC,11.20781589,2.837187351
CCATCGGCTG,13.83457255,17.51288575
CCGCGGGGAA,16.65719688,15.33707788
GCGCGGAACA,5.022626828,0.643258024
CCCTGGGCAT,8.780377329,10.27076138
CCCTCGCCTG,10.53943036,3.237910716
CCCCGGGGTC,5.65409771,3.012532287
CCTGGGGGGG,9.950554063,5.840240643
CCTAGGCCCC,11.75436741,11.29254293
GTGCGCGTGA,15.16994294,10.23092309
TTCCCTCCGA,14.82980702,5.516438114
TGTTTCGCCC,8.883402721,14.12361175
GGTCCGGCCG,9.266723573,8.373423307
GCCCCGGGAC,4.9336484,6.996009618
CGGGTACGGA,20.41766634,11.98537342
CCGCGGGGTA,6.270155855,3.587042569
CCCCGGTCCA,6.053645094,3.926099845
CGGGCGGAGT,6.713050799,4.151158397
CCCCGGTCGC,9.038268155,4.631553851
CCCCCCTCAC,7.286089833,7.026618837
CCCCGAGCAA,21.28708872,7.855513343
GGGGCCGGAA,7.020400944,9.731660717
CCCCGATGTT,9.699513719,2.762812595
TCCCGGGTAC,20.27625248,2.078051019
GTATGGGGGA,7.396916695,3.30412873
CCCCGCCGAC,14.81656882,2.168365318
CCTTCCGGCC,12.10814836,4.745192288
CCGCCGGGCG,14.8422572,4.296946505
GCCTGGGAAT,5.970386252,7.778679285
CCTCTGGCGC,15.8639895,7.471384799
CCCTCGGGGA,14.07391308,11.02613849
CCTGCCGCGA,6.683402971,3.661372967
CCCGGGGGAA,9.092314964,9.718302152
CCAGGGGTGA,9.642413027,4.258474765
CCTTCCGAAC,7.881330094,3.397612312
CCCCCCGCGC,5.911991132,6.100515683
CCGGTCTCGC,11.96523508,6.477109765
CCCCCCTGCG,3.574240677,0.993121913
CCCCCCGGAC,9.20802764,9.42409452
CCTTGGTGCC,7.976302705,12.89276615
CCCGGGGCGG,17.01870136,8.161108937
GGGGTCCCGG,10.81681671,7.909149222
GCCACGAGAA,8.85888007,7.514684038
GTTCCCTACT,5.858448165,2.554376332
CCGCCCCCGC,18.69480827,14.14731175
CCTCGATCGG,8.362113564,3.689543792
CCTCCCCTTC,17.65428066,0.602870836
GACTGCGTCG,4.398275078,4.978191973
CCGGCGCAAA,9.427467922,8.924527136
CCTGGGTTGT,10.07105862,1.39542967
GCAGCCGGAA,15.65454758,11.73982837
CCCCCCTACC,6.97059413,3.785551304
CCGGGGAGCC,4.886041866,1.3215314
GAGGAGGGCA,6.893446788,10.63998832
ACCCGGGGAA,5.664163318,5.832479215
GGGGGGGATT,11.07719991,11.09498186
GCACCCCCCC,6.129919386,17.48591844
CTGCTGGTCT,14.85952423,7.332784293
CCCCCTCCAG,10.45538415,5.367335051
GCCGGCGGGA,5.170287971,5.853185953
CCCCACGGAG,9.912507153,6.106805762
TACCGTGGGC,5.302090233,10.29826066
CCGTGGGGCC,4.93100899,4.193728855
ACCCCGGGGG,6.983826697,10.09415259
CCCCCCTATT,7.838565888,15.75159965
AGGGTGGTAA,7.316954516,8.607814543
CCCCCGCCGG,8.044591879,0.700060079
AGCTACACGC,14.56006519,7.876883389
CCCCCCTAAC,24.87631454,13.73378655
GGCCCCCCCC,13.06554919,4.887907688
CCGAGGCGGA,9.046339771,8.732720021
CCCCCTTGGC,10.27311051,7.256297989
CCCCCCCCAC,11.96365626,9.707173026
ACCCGGGCGA,7.546950714,11.84217137
ACCCCCCCAC,10.77800619,3.001261807
GCCTCCGCGC,20.88762621,15.19027573
CTGCGGGGTA,4.822048374,10.74822091
GAAACGCCCG,14.07508859,6.054370598
GCGGTCTCGC,7.793021419,9.130969284
CCTTCCTGGA,6.524194884,6.361336285
CCTACCCCCC,15.74892498,15.7106663
CCCCGGGGTA,15.68776929,9.433951857
CCCCCCTAAG,17.06005996,9.552613508
GGACCCCCGA,6.541525186,2.880586592
GCCGAGGCCA,17.09432186,10.85463261
CCTCGGTCAC,17.8900116,4.967434751
GCGAGGGGGC,5.656714244,10.84453517
CCCCCTGGAG,12.51508672,6.5548384
TCCCGGGAAC,5.087180612,5.489549461
CCGCTCCCGA,8.506181791,3.579756796
GCTTCCGGCA,11.22737938,4.549248949
CCCTGCTCAA,5.624078133,17.70685766
CCCCGGGCAC,6.97489564,1.031530453
TCACGCGGAG,9.766298307,9.994901064
GGGGAGCGCA,11.95270469,4.336436271
CCGTGGACAC,4.598091734,5.247913819
CCCCGGTCTC,21.75459054,18.46019154
CCGTGGTGCC,4.08940564,0.899420158
CCGAGGCAAT,11.42503064,3.332126549
CTCTGGGGGC,12.68872124,11.20632916
CCTTCCGAAA,23.09677526,15.31449614
CCCAGGCGCC,7.944602076,0.752199289
TCTTCCGGAC,3.565017387,9.309383765
CCGAGGCGTC,22.90976308,6.549951191
GTCCGAAAAA,14.57161941,14.02120232
CCGCCCCGGC,8.341424617,9.427624645
GTGTCCGCCG,8.637083791,11.49710446
CCCCGGTACC,8.559919297,9.003511149
GCGGCCCCAG,12.36816727,6.26018723
GGCCCCGGGC,10.03342009,5.974429525
CCTCCGGAGC,16.57683892,13.72921311
GTTCCGGGGC,9.166376308,6.237051743
CCCCGGTACA,16.64973379,18.83489923
CCCCCCGGAG,4.640756275,12.30079756
CCCCGCTACC,16.48412609,13.6382348
CCTGGGGCAC,17.51769882,19.15697846
GTTCTCGGGA,8.661047332,5.864962586
TCGGGGAGCC,4.996200029,2.33101508
CCCCCCCAAG,7.172543876,7.986921419
CCGTCGGGCC,10.36167436,13.93327761
GGGCCGGCCC,7.114298487,7.958214931
CTGCGGGTCC,3.609346386,9.475054966
CCTCCCCTGC,12.60907028,11.90894882
ATCTGGGGTC,6.419274567,6.03085329
CCCCGGTCCC,12.4402065,11.83269935
GCTCCCGGAA,24.28073152,5.99508857
GGGAGGTGCC,6.293017268,8.675972584
TCCTGCGGCG,14.91005312,8.441357596
GGGGGACTGT,6.472615749,9.209874174
GTCCCCGGAA,14.16164443,11.35761342
CCGTCGGGTC,20.26642825,9.547019961
AGGGGCGCGC,8.057319188,11.96078447
GCACCCGGCG,9.974246954,8.33111521
CCCCCCGAGT,21.78005606,20.37018281
GGGTTAGGCG,6.164147891,3.245551742
CTGCCCCCGG,4.736920078,7.141727688
CAGTGCGGCC,17.25795757,5.616685012
CTTTCTGGTT,4.170994734,1.860362029
GGGATCCCGA,11.6411825,6.956801864
CGCCCGGGTC,8.4777397,12.63556551
CCTTCCGCCC,3.441698666,2.634220591
GGGGTCGCGC,7.846017509,9.340680205
ACCCGGCCCG,6.592764318,12.3902241
CCTGCCGGGC,9.117082227,9.699593377
GGCCCTGCGG,15.47685755,6.244489933
ACGCCGCCAG,22.74390592,12.63177287
GGGGCCTAAA,5.757080816,4.354454987
GTCCGGGGGG,3.483892247,2.616019639
CCGGGAAATG,11.11550686,3.686096139
CCTTCCGGGG,20.10946746,27.12472551
GACAGTGGGC,16.94597429,8.261790374
CTGGGGGTGC,7.417324771,6.544948856
GAGGGCGGCC,19.72807525,7.278082123
CCGCCGGGCT,21.29804055,9.288056088
ACCCCGGAGC,23.93699136,17.83883714
CCCCCGGGGA,4.441191075,11.34900446
CCCTGGAGCC,10.90295566,7.216545726
GTCCCGGGAT,7.954825461,7.510345052
GCTGCCGGCC,6.444582841,5.162061292
CACCCCGGGC,7.132368066,4.664894408
GAACCCCCAC,6.617761496,1.237064281
GCCCGCCGCA,6.867134962,12.10425082
CCCGGATGGC,7.321328469,2.466629472
TTTCCCCGCG,5.136401294,6.709331517
GTCCCCCCGC,19.57724751,15.23719087
GGTGTCGGAG,14.96007687,10.66344496
GGAGTCCCCG,13.57733962,5.737575608
CCAACCCCCC,6.871544755,1.777755532
AGCCCCCGCC,13.83562203,8.606331467
GGGAACCGCA,6.908293445,11.95316664
GGGGTCGGCA,7.879627916,11.19820658
CCCCCTGGAC,21.29162585,11.59718437
GTGCTGCCCC,13.93856285,4.024291522
GGCCCCGAAC,22.8175607,11.53768037
CGAAGGCGAC,10.45362203,1.054378023
GGGAGGTCCA,5.87906402,8.908233756
CCTCGGGCAA,22.10493919,8.890661732
GCGTCCGCCG,19.68689385,12.44573824
GCGGGCGGAA,23.97801726,6.9633546
CCTTCGGGGC,3.558277246,13.56118723
CCCTCGGGAC,9.511508559,2.749594772
CCCCCGGCCC,8.955686134,9.343531856
GTGGGGGGCT,17.88814635,6.819407502
CCCTGGTCTA,16.22015186,8.43431528
CCTTGGGGCA,6.622369705,6.459434741
CCTTCGGGAG,4.953862933,2.557264286
GGTTCCCGCA,8.609965715,1.611444505
GCTGTCCGGC,19.34866692,12.9359995
GTGTCTGCGG,15.27684314,4.83520051
CGACCCCGGC,13.60815011,7.967601297
CCCTGGGGAT,9.858407667,9.188715695
TCCTGGGGTA,9.283640684,3.96866967
CCCCCGCCCG,5.840219263,10.10404268
TTGGTCTTCC,9.483832449,9.360990207
CGGGGCGGCA,9.363791716,6.782968827
CCGTCCGGGA,9.711542632,7.324179151
CCCCGGTGGG,18.27354855,3.329986219
GGGCCCGGCA,8.179215539,4.001239005
GGTCCCGGGA,4.693258777,2.29345374
ACGGGAATAA,24.50374334,12.74100251
CGGTGGTCGG,7.500763215,13.08868531
CCTTCCGGCG,4.902769317,3.333975628
CCCCCGGGTA,6.940772591,3.572623319
GCTGCTTAGA,7.298497563,1.243498454
GTCTGGGGAC,8.41040291,10.76690253
GGTGGCGCGC,9.348654581,15.7072024
CCCTGGGGCG,13.76350884,10.41977698
CCCTGGGGGC,26.0726765,18.14081308
CCTTTCGGGA,5.479478984,4.915075128
GCATCCGCCC,11.41817017,5.999493108
GCCCCTGGGA,5.183473032,1.400507006
TCATCCCGCA,3.806774632,0.741102797
ATCGGGGCCC,9.248556823,6.223243604
CCGAGGAGAG,7.268949799,5.14014167
TCCCCGGGGG,25.38758156,7.854451103
CCCCCCTGTC,4.729508207,9.249983131
CCCCCGCCCC,18.41883565,7.49491201
ACGGTGAGGA,14.83407667,4.952734008
CCTGCCCGGA,19.87853842,22.41675974
CGGGTAACGG,9.639532546,6.329859971
CTTCCGGGTT,8.604506832,1.377637988
CCCGGGCGGA,14.57380939,3.489195721
GGCCGGGGAA,10.5118626,4.44033795
CCTCCGTAAC,12.9716903,14.35594906
GGCCCCGGCG,5.063120137,9.758212527
TCCCCCGACG,8.114349723,8.127934894
CCGTCCGGGC,6.118947551,4.36953235
AGCCACGCCA,5.478697375,2.722799787
TCGGTCTTGA,17.21092055,16.33661476
CCCCCCCCGC,7.455924102,2.081986566
CCCTCGGATA,16.94959882,15.32360563
CCTTGGTCAT,15.34244729,5.756235178
CCTTCGCCGG,10.68290684,12.89887036
TCCGGCGGCG,5.645895703,12.75243613
TCCCGGGGGA,6.291047686,3.15576305
CCGCCCGAAG,20.52241736,3.374603889
GCCCGGGAAA,11.28395287,8.393245739
CCCTCGAAGG,17.33898506,7.154896703
GCCCCCGGAG,12.67893327,17.91745474
GGATCGGGAG,20.85331004,5.677670999
CCCCTGGCCG,3.809315839,9.301133149
GGGGGAGACA,6.156169072,4.879229216
GCCTGGGGGT,15.65806246,9.811420209
GGGTCCCGGA,13.6888398,7.232678371
GTTCCCGGGG,8.094124199,0.881224439
CCGCCGTGAT,6.049065292,1.640166764
CCCTCCCGCT,7.945651035,5.456061231
CCGTTGGCAA,19.65737747,9.168002026
CCTTGGGGGA,21.23727941,18.86598713
CCCTGGGGCC,7.075938112,10.91138023
CCTCCGTGAC,16.32396963,4.712965097
CCTCGGTGCC,7.200018978,8.848981007
CCCCGGGGCC,9.205585409,1.081432068
CGGTCGCGCC,13.93001915,7.417475062
GGAAGCGGCA,8.369678445,10.58957099
ACCCGGGTCG,10.87378907,9.733708632
CCGTGGTGCG,32.50391545,10.3363787
GCCCCCGAAT,4.53416944,7.294515292
GCTCCCCGCC,6.842038594,2.704796681
GTCCCGAGGA,13.28084677,9.065168843
CCGTTGTGCG,6.295285681,13.73173009
GGGTTCGGAG,18.33152892,14.48816458
GGGGTCGGGC,11.57577372,1.238151048
CCCCACGGGG,6.910683327,4.534548931
GGCTGGCGCA,19.02278627,18.91918973
GGGAGCGGCA,19.42746637,4.623104801
CCTAGGGCGT,9.545346507,1.847843204
CCCCGGTAGC,7.775878265,3.346877267
CCGCCCTAAG,9.17767066,1.50939275
CGGGGGGGAG,8.744264516,3.58034946
GCGTCTGGAA,10.17815169,9.126950928
CCCCCCTATA,5.405220621,4.890824178
GGGCCCGTCG,11.81593901,5.370932521
GTGGGGGGCC,6.992613415,9.991436616
CCCCCGGGCG,9.795951699,7.02363582
CCCCGACCCC,15.65257627,4.262707434
GTCTGGGGCA,4.52627773,6.685914278
CCTCCGGATT,20.41076667,18.50858918
CCCCGGGGGA,11.70886538,10.58951099
GGGGCTGAAG,7.200657175,6.724482868
CCCTCGTTTT,4.645784108,2.867889169
CGGTCATTCT,6.924666887,10.53492232
GCCGGGGGAG,14.13130895,14.53602286
GATTAGGATA,6.515372479,1.865426023
CCTCTCCCGA,6.440086799,1.384116932
GCCCCCGGAT,13.40374176,8.665904782
CCCCGGTGGC,11.60966477,16.81994845
CCGCCGGAAA,14.06291319,8.112102654
CCTAGGCCGA,9.351228435,12.7453013
CCTTGGACGC,4.016524856,1.676638386
GTGTTGGGCT,22.03573028,5.75802004
CGGTCCACGC,6.873217208,2.47598709
CCCCGGTGAC,7.517771566,2.449509815
CCCCGCGGAT,32.8072681,16.91293442
GCTGACTCCC,10.58324181,13.53969963
CCTGCCGAGT,9.119989416,12.68783145
ATCCCGAGCC,17.6109059,1.806493819
TGCTGCGGCG,3.708462377,8.836175944
CGTCCGGCGG,9.058087294,13.84508356
CCCCCGTGAT,7.517380268,4.974021954
GCAGGGTGGG,18.39552416,17.2877991
GCCCCCCGAC,6.86947483,13.26637679
GTGTCCGGGG,6.384909218,5.066859543
CCTCCCGGAC,13.60542009,5.261329021
CTTTGGGTTC,22.75247958,9.050874704
GTTCGCGGAC,10.1899623,4.44645421
GGGGGAGTAA,11.21246993,7.047050058
GCCCCTGCCG,16.58115449,5.588746883
CCGTCCCGTT,11.20473456,7.608855098
CCCCGGGGCA,9.369300494,8.981573933
GGGCCCCCGC,9.403541273,4.14863158
GTGGCCGGCT,6.7872463,6.940557272
GGAGCCCCGG,5.985975023,7.561141401
ACTCCCATCC,9.533481137,3.434099368
CCTTTCGGAA,7.145810868,5.893453943
GCATCCCGCA,9.635656123,8.689521701
CTCCGGGCCC,10.95213223,4.463103767
GGGCGAGACT,8.076906664,2.204178386
CCCTGGTGCA,10.13801096,2.541065086
CCCATGGCAA,3.989940431,2.397886278
GTGGTCGCCC,8.828450977,2.289372234
CCCACGTCTT,6.553175548,3.365232191
CCGGGGGGTC,12.12245834,4.034876593
ATCCCACCGG,19.80878228,8.681668042
GCGATTTGCT,8.980601417,8.831263199
CCTGCCCCGA,11.37458583,3.629372766
CCCTCGGGGG,12.38042099,9.226181909
GTAGTCGGGA,13.72039058,6.148595989
CCTGGGCCGA,20.22020187,9.796755724
CCCTGGTAAC,22.90472129,11.33531988
CCTCGCGCAA,19.4688518,6.864041046
CCCGCGCCGT,23.51442482,10.14377795
GGTCCCGAGA,6.417215432,5.775483449
CCTGCCGCGC,12.83211894,5.781059114
CCCTGGGCTC,5.861376524,2.78938279
GCCCCCCGCC,10.0890453,4.788837687
GCCAACTGGA,8.48400009,8.426562521
CCCTGATGGG,11.64745287,14.57735307
CCTATCGCAC,15.14771021,14.46264254
GGTATCCCCG,3.492448524,3.620561344
GGGGGACGTT,19.2766058,11.67722046
CCCAGGTTCC,13.84339586,12.34305562
GTCCCCCCCC,4.521647753,1.451399241
CCTGGGTCAC,19.42410985,16.02654647
GTCCCCGGGA,23.65296889,18.33429389
GTTGCCCGAG,5.756731011,11.37176342
CGCCGCGGGC,4.949232467,9.025432129
CCGTCGAGGT,15.72675561,9.739835945
GTGGGGAAAA,10.68869237,2.980543166
CCCTCGTGCT,17.70179508,7.789557551
CCCAACGTGC,7.715212907,10.4471026
CCCTGGGAAA,8.584526842,7.608887488
GGGGCCCTGG,24.79683446,15.30114019
GTGGGCGGAC,10.11090451,2.083144775
CCGGGCGAGG,6.774865027,5.226931785
CTGTCTGCCC,6.829601405,2.968577866
CCGTCGGAAC,4.389995014,3.83084752
CCTAGGGGGC,17.58159972,8.562625536
CCCCGTTGGT,19.30977157,11.74084754
CCTTTGTGGG,10.99980469,12.43081241
CCGTTGGGCG,8.726975476,3.990372267
CCCTGGTCCC,7.823631852,7.803171949
CCGCGGGGCC,24.16592123,3.518938508
CCGGCCGAAC,8.774629231,3.381019442
TCCCGGGATA,8.031741615,4.289785974
CCTCGTGGCC,18.17054077,7.817943466
CGCCCCGGGA,6.605115166,7.188241565
ACCCGGGCGC,6.69401412,5.06905699
CCCCCTGGGC,8.8550303,3.443844434
CCGTCGCCGC,7.77105478,2.87592129
CCGGGGGTCT,7.202738027,3.306505971
GACAACCTGA,17.56234512,7.833197572
GTCCGCGCGG,7.417718324,4.426476695
CCGCCGCGAA,5.39774794,2.686792283
CCCCCGGAAA,14.04678863,8.472364042
CCCCCGGGCC,16.90393988,17.15201819
CGAACCGGGA,7.061658475,10.73778061
TCTTCCGGAG,17.91591782,9.352871848
CCCCGGTAAT,14.18947926,4.66268532
CCTCGTCCGC,7.164993253,2.349899619
TCCCGGGGTT,15.39540252,3.860697283
CCTTGGTTAC,14.83263733,14.64097601
GAGATGCCCT,14.19300127,14.1628751
GCGGAGAAGC,7.530216282,6.21840066
CCCCGGGCTC,3.870886359,8.978150769
GCGACCACGC,6.838273394,10.00335017
CGGCCCGGGC,10.21436514,7.72209868
CCGCCCTACC,7.56476388,6.264097095
CCTCGACCGG,13.36085766,15.79603736
CCGCCGGATA,6.338669962,6.674615814
CCGTCCTAGC,15.1994303,21.14902533
CCTCCGGGTT,13.25062945,4.178955882
CCTGGGTGGC,14.7749049,10.07679583
CTCCGGGACC,21.13514192,10.16785862
GCACCCGGAG,22.58517572,5.481859196
GTGGGGTCCC,7.587720959,3.874991889
AGCCCTTCCC,9.232470897,6.273123052
GGGCCGGGGA,12.68728588,11.45330565
CCTCCGGGGC,6.861113111,2.34913269
GGGTTCGCCG,12.84873253,2.892733067
CCCTCCTGTA,6.589527782,10.05448236
CCGTGGGATC,6.393775342,1.711992871
TAGCCCGCCC,8.651307421,12.61412514
GCATCCCGGC,8.127945382,4.207981158
GGGCCCGAAA,4.448594443,1.691425034
CCCCCGGCTT,17.60027194,10.40498903
CCCGGGTCCT,5.273206849,9.181256482
CCGAGCTCCC,8.038600912,6.446279622
CCCCCGGGCA,6.081292469,7.070312174
GCCGGCGGAA,16.80020044,9.594186739
CCTTGGTGAA,6.02946037,6.415864254
GTGTCCTGCT,12.92745089,5.539046389
CCTTCCGGGA,6.329898239,8.819350775
ACCCCACCCG,17.049824,22.03444836
CCCCGGTAAC,8.79338766,2.472028148
CCCCACTCTT,8.254975889,6.635960594
GCTGGGGGGC,9.885165687,2.00461295
CCCCCGTAAC,7.895255755,6.977768275
GTGGTAAGGA,11.01004902,5.006896022
GGCCGTGCGC,4.701196595,5.569966454
CCGAGGGGGA,12.82480012,9.755882097
ACGCGGGCGA,12.01902171,5.252738094
CGGTCCGGGC,8.112072553,2.109865062
GCCGCGAAAG,13.53786831,8.770390641
CCCGACCCCG,6.908547317,6.698701609
CCTGGGGTAT,6.920374751,2.334493035
GCATCCGACA,3.537575091,5.409105258
TCGGCCCGCT,6.462421193,3.508512228
GGAGCGGGGC,29.41857071,22.63078619
TCCCGGGGGC,12.27196792,4.341297428
GCGATCCCCG,7.423789877,10.96988844
CCCCCCCCTC,5.284089227,8.861699335
CCCTCGTCAA,5.51272793,11.78735062
GACTGGGATT,6.901601002,7.369960148
GGGCCCGCCC,3.758016505,4.279177969
CCTCCCTCCC,9.94194549,11.67843026
CCGTCGTGGC,6.735641899,4.078378881
GTCCCGGGCC,9.096426632,12.46175082
GGACCCGGGC,5.604658479,1.797910641
GCTTCCTGAT,6.769259298,6.206552536
AGGGGACCGC,13.5016128,9.855941509
CCCCGCTGAT,15.99389007,9.42450396
ATTCGGGGGA,4.161409798,10.4901018
GGGACCTGGG,20.95662876,6.578781815
GGGCCTCGGA,16.04612531,8.856689192
CCCAGGTGTC,4.986523494,6.14524276
CCCTCGTCCC,11.63125996,10.15787204
ACCCCCGGCC,6.050286323,2.754616657
CCGCCGGGTT,7.480152518,2.40464999
CCGGCCGAAT,13.44252549,12.74702681
CCGGGGGGGC,4.765998717,1.311189762
CCTTCCTGCC,17.08761201,7.614034
CCCCCCTAGA,3.886599334,4.446948389
GGTCCCGAAA,3.742122378,0.868736561
CCCCGGGGAT,5.120147142,19.8932439
CCGCTTGCCC,5.573941143,4.437348297
CCCTCGTGGT,19.67587962,6.125240431
CCTTCGAGAG,19.83422971,11.52527278
GTGCCCGAGC,14.84917852,3.828732915
CCGGGGTGCC,9.106396641,6.14912078
GCCAGAGAGA,14.45927363,5.519822408
GGAGCCGGAC,11.66259284,2.647639284
TGGTGCGTCC,15.35309116,9.40130912
GCCAGTCCGC,12.35225027,2.72294783
GTGCCCGGGT,13.92882952,14.44409072
ACTCCGGGGC,4.219290072,4.249519602
CCCCGCTAAC,8.249546226,2.205248895
CCTCCCCCGC,5.229226534,6.381026287
GGGGGCGGCT,15.57918205,5.505114979
GCGAGGGGCC,9.520409513,11.7260252
AGCCCCCTGG,12.33130137,6.484767301
GTGGGTCCCC,6.266534683,3.459861746
ATCCCGGGGC,4.509345981,1.107749109
CCCCCGTCGC,13.91714861,11.63850703
CCTATCCCCC,5.436749448,3.902491115
GCCCCGGGAG,4.849071796,4.945350694
GGTGTCGCCC,10.32412446,10.97311893
GCACCCGCCC,11.49293666,11.92770711
CCTCGGGGTC,19.84158526,10.37212655
CCCCCGTTAC,7.197645398,9.772616559
CTCTCGGGCC,5.130037514,5.42556263
ATCTCGGCCC,17.7305812,9.458654202
CCCGGGGCAA,3.405500765,6.095448558
GCCTGCGGCC,9.88698145,10.95585525
CCCCACTCTA,26.14220943,15.61640251
ACCCCGAGAG,9.481163193,9.859705805
CCCTCGGAAC,16.66167951,16.93455106
CCCCCGGGTC,8.182448414,0.759736922
CCCCCCCCCG,5.512972796,1.028384237
AACAGTGTGC,14.07628217,2.376909421
CCGCCGCCGG,7.240171033,5.771556513
CCGTCCTCCC,6.069926652,4.716536533
CGCCCGGGGA,9.356315701,5.712558014
CCCACGCAAA,14.8720404,14.26777575
ACGCCCCCCC,13.03718525,7.801480111
CTTGGGGCCC,11.26553474,16.98053699
TACGGGGCCG,9.270140027,8.997435122
GCGCCCGAAC,11.56363372,14.19625101
GGGGCCGGGA,9.477763537,9.647699199
CGGGCGGCGG,5.582306856,0.991595021
CCTTTCAGGG,15.52621685,5.428173782
CCCCCGTAGA,24.89042895,16.5177126
CGGCGTCCGG,13.54377928,2.682760891
GAGCGGGAAA,10.84670549,2.141917215
GATTGACTGT,25.32820786,17.77960058
CTCCCCGGGC,21.59500671,14.7292595
CCGTCCTGCG,14.3854966,5.602238112
GCGACCTAAG,12.08453891,10.55072048
GTCCCGGGGA,10.42265401,5.024509299
CCCCCGCCGC,6.065719635,9.22417234
GTGGCCTGCG,8.515030733,7.927258272
GTGGTCTTCG,10.93719617,6.278770277
GCCCCTGGGG,22.08671102,12.54683469
GGGTCTGGCA,21.74044534,6.109041545
GCGAGGGATT,17.62117914,6.830931161
CCGGGCGACA,16.92332667,6.39724351
CCGCCCCAAG,5.501616759,10.0756587
CCCCCATGAG,11.60007898,5.425782123
CCCGCGGAAG,9.078509944,1.291927155
CCCTGGGTTC,10.30422684,19.40893497
TCCGGGGGCC,6.482777968,1.222549852
CCCCGATGGA,20.31885553,6.873316183
GCCCCGGAAC,4.776996465,3.495845186
TGGTTCCTGG,9.150564485,3.515657604
CTTTCGGATT,10.82613549,10.15983949
CCGAGCCCGA,18.10382103,2.908260181
CCGAGATTGT,8.511291202,5.491839775
ACTGGGGCGG,22.39694675,16.6614784
GCTCCCGGGC,22.87844981,13.02470201
CCGGGGGGAT,13.61345941,7.947206726
GGGACCCGGC,7.348172878,5.993551138
GCCGGGTGGG,4.274635005,11.13007691
CCTTCGGGAC,4.800946437,12.73091573
CCCCCCGAAC,6.163777376,5.894702273
ACCCCCGGGC,15.05320279,4.518506576
CCGAGGCAAA,14.44431473,15.46888746
CCCTGGTGTG,4.444331547,4.736216124
CCTTGGTGGC,23.2350839,22.3904282
CCTAGGTCGC,6.528337148,2.408563352
ACGTGAACCG,14.10203328,5.694541026
TCCCGGGGTA,8.088350294,5.402269248
CCTTGGGAAA,12.64824836,8.655050352
CCTCCCGCGC,4.777510382,7.37082427
GAAGTCGGAA,7.089943342,7.63942549
GTGGGGAAGA,16.65978922,2.430081743
CCCTCCTGGC,4.357331647,5.079980225
TCCGGCGGGC,6.72680825,1.088396194
CTGTTGGGCC,8.807025294,7.675577895
ACGTGGCCAC,9.42696284,6.292147961
CCTCTGGGGG,16.3880161,9.657959152
GGGGTCGTGC,11.22060704,13.18372732
CCTCGGTCGG,12.93063005,1.091873296
CCCCCGGGAT,10.32605061,11.51850055
GCGCTCCCAG,4.295907521,4.143345819
CGGCCGGGCT,14.07663486,14.02932389
CCTTGGGCGG,9.32488714,9.078026762
AACCCCCCCG,10.0785776,8.930103054
AATCGCGGGC,18.54089059,11.27275327
GGGCCCGTCC,6.342425304,2.690496589
CCCCGGTCAC,9.017657202,4.192728501
CCCCCATGAT,8.282226474,4.41430663
CCACGTCCCC,13.38683376,11.08466663
TCTGGGGCGG,20.02809553,12.23997649
CCTGCGCCCG,5.892827884,2.882697118
GCGACCTCGA,6.962190567,9.844486855
CCCGGGGCGA,14.45363868,6.782812533
GAGTCGAGAG,9.100766393,1.945717
CCCCCCGCGA,21.44653505,11.51289346
TGTTTCGGCC,4.131321406,6.290118428
CCCCCTTGGT,15.05633013,9.00042191
CCCCCGGAGC,14.06305367,15.07091355
CCTGTCCGAC,7.702447,1.385359984
GTGCTGGGGA,4.260142027,1.712161975
GTGGTCTGCG,6.36716474,1.170530382
CCTTGCGGTC,5.705637455,0.903339146
CCGTCGGGCG,4.012068105,4.331377881
AGCCCCGGGG,16.97895565,14.39757832
GAGAAGCCGG,3.923860194,5.379155281
ACCCGGGGGG,8.64881184,1.414925641
CCTTCCTGCT,7.867954763,6.01191444
GTTGGGGGGA,8.07170812,4.560582181
CCTGGGGGTA,11.1301157,13.7027019
CCGCCGTAGC,4.347605141,9.067932429
GAGTCCGGGG,9.135097274,0.885426996
CCTGACTCGA,8.050261637,9.51708032
CCGCCCGGCG,16.45161129,11.17048391
CCCCCGGCAC,9.019814119,0.94441606
GCCCCCCCCC,11.71951322,4.10880963
CCGTCCGAAA,20.37550198,22.08244645
CCCCCGAAAT,12.1043301,9.631028644
CCAACCCCCG,10.10097569,3.371792273
CCCCACGAAA,10.73454605,2.479605528
CCTTGGTCCC,16.91104519,7.972349199
CCCCGGTCAA,8.961625833,8.515878911
CCGTCGGAAG,11.90364381,1.823182467
CCGTCGTGAA,9.057071479,7.434098367
CCTCGCCCCC,6.873602536,2.957160054
GCTTCTTACA,5.696874855,1.501087434
GCTAGGGAGT,10.68473533,2.451092551
GTCCCGGGAA,12.70207991,22.32666017
CCTGTCGAAT,5.125585692,10.18324016
CCCCGGCCAA,19.45793108,5.415995772
GTCGGGGAGG,17.90839503,11.63287139
CGGGGATCCT,15.99825273,1.098055765
CCCCCGTTTC,3.898352843,11.63313477
GCTCCCGGAC,14.81643314,10.25508511
CCGCGGGGCT,10.48884009,1.755744997
GGTGTCGTCA,16.44015347,6.593264694
CCCTGGTCGC,13.77259799,12.78438649
GCCTGGGGGC,12.94272108,11.32508523
CCGGGGGACC,28.18044175,15.58816077
CCCTCGTGCA,10.97690495,1.791201131
CCTGGTGGCA,16.13600169,4.876888137
TGTTGGGCCC,7.426681365,6.430380763
GCCGCAGAGG,38.32205593,11.36993475
CCCCGCGGCA,6.539717747,10.26189165
CCCTGGTGCC,24.34176309,11.70026684
TCAGGCGGCA,4.824954497,7.956536003
CGGGTCCGCG,13.80090265,2.792117178
CCGGCCCCGC,7.809644194,6.721766034
CCCCGGTGAT,10.23021403,5.952327485
AGGCGGTCGC,11.8627259,14.03162501
CCCCGATTCC,6.43221562,6.548930376
CCCCGTTAAT,23.06363608,16.36589057
CCCGGGTCTC,25.71963521,12.96541887
GCCCCGGGGC,6.485723102,10.5742152
CTCTGGGTCC,7.408485542,1.258038268
CCGAGGGGCC,11.92255894,20.48848271
GGGGTGGTCC,10.7085972,9.635981886
GGCTCGGGCA,15.31199197,6.57723283
CCAGACGCGA,19.39089091,11.49368244
CCCTCGAGAC,5.891143172,4.513328227
ACAGCCCAGA,4.825292024,14.64354361
GTGCGGGGCT,3.65702878,7.274708729
CCTGGGGAAA,20.8571578,8.915287102
AGGGCGGGGG,4.918967398,5.648826859
CCTGGGGACA,4.756588301,3.715949521
GGGCACGAGA,6.16900015,3.603764882
ACCCGGGGCA,5.421494437,3.547468607
CCCTGATTTC,12.07287463,1.620472676
GACGTCGGGC,5.302961015,6.142753603
GGGGGGGGGC,5.188617101,5.399838803
GAGGGACCGG,5.35727891,1.724134309
GCTTCCGGGC,4.709628331,1.472730625
ATGGGGTTCG,12.19266987,8.89026539
ACCCGGGGTA,13.88803156,3.821276719
AGCCCGTGCT,10.02557785,10.09410326
CCCCCCGAGC,20.54296995,11.89913954
ATCCGGCCAC,8.789129865,1.248758201
GCAGGGCGTT,13.89373459,14.20044828
CCCTCCCAAA,18.09205884,9.877667251
GTTAACGCGA,3.768607874,1.952485352
GCCCCCCCAC,11.27664179,1.780127378
TGGCTCGTCG,6.410017964,7.675134177
CCATCCGGCA,4.368953438,1.017253829
CCATCCGATG,24.18099088,10.48841577
CCGAGGGGGC,5.146059941,3.552845312
TCCCCGGGTA,5.440489493,5.934425694
CCGCCGTGCG,5.639070576,1.76556595
GCGTCCGGAA,9.714194803,13.00642776
TCCCGGCCGC,9.76015317,9.525600985
CGGCGGGAAA,14.04057452,5.344042002
TTGTCCGGCT,8.760797455,9.278611966
TACCCCCCCG,4.091173769,2.910470132
CCTTCGTGAA,7.938743596,8.099785289
CCCCACTTAT,12.77360126,11.73627467
TCCCCAGGAT,11.80915106,0.687073074
GCGCCTCAGA,29.44396513,8.705218204
CCTTCCTAAA,6.761085733,3.483612493
CCCTCCGGGT,7.579583517,4.836145641
GTTTTCGGCT,12.10858745,10.00809205
CCCTGATCAA,15.08704625,4.56353837
GGGGACGAGT,6.024322666,10.73283126
GGGGGGGGCC,7.610685187,4.710377621
GTGGTCGGCA,11.60643094,9.279592237
GCTCCCGAAG,11.7011005,2.35481857
ATTCCTCCCC,19.53639316,16.80864922
GGGCGGGAAA,17.52782461,20.42811187
CCTGGGGGTT,11.67333475,9.161796256
CCGGTCGGGG,10.72576452,9.284493056
CCTGTGGCGA,3.64349511,0.949898454
CCTCGAACAG,18.01574008,12.58210455
GGCGGGGAGC,14.79411103,9.708077425
CTGCGGTTGA,5.016941957,1.473300294
CCGAGGCCGG,10.35365695,2.857041831
CCCCGGCCGC,13.16176438,4.294838627
ACCGCGGGGA,7.108029376,7.733827093
CCCCCCGGCC,24.16249215,22.50738129
CCGCTGGGGC,24.42474437,10.71977329
GGCTCGAGGC,8.564456405,1.80543147
CCGCCGGGGA,8.116047957,2.637590701
CCCGGATTCG,9.20634265,2.787826765
CCGCCCGGGA,7.614331505,1.008805754
CCGACCCCCC,7.399425182,7.311729365
TCCCGTGCGC,7.474384283,6.048291205
CCCCCGATCG,16.29215158,3.198048281
CGGTCCCGGC,6.392987764,0.611080935
CCGGCCGCCG,14.31261025,1.485648134
CCCAACCCGA,12.76194749,6.043354161
CCCCGCGGGG,11.45481783,9.642818302
GCGTGGGCCC,13.55566201,7.739474258
GTGGCCGACG,6.740929233,6.311384671
ATCCCGGGCG,3.753843526,2.722489964
CCTGGCGCAC,8.822844321,1.598801711
CCCGGGGTTC,4.689090399,6.958766653
CGGCGGGGAA,5.260686419,1.460878246
CCCCCCGAAG,4.401869459,1.490692832
CCCTGGGAAC,5.904989906,0.991874909
CCCTCCGGAG,5.197583079,10.36552753
TCCCGGGGTC,10.26088897,5.748070393
GGGGGGGGCT,8.572525945,11.90587626
CCGCCGGGCA,11.85360819,7.927156093
CCTACCTCCC,10.03467548,3.490762027
CTCCCTCCCC,9.986372519,6.334490788
CCCAGACCGA,6.29203776,11.13065194
GAGAGGGGCG,3.874875652,2.756938737
ACCCGATCGA,5.404007665,3.211753532
ACAGCCGCCC,6.77210786,7.262939545
GACAGGGGCA,11.9845021,1.630231466
ACGAGCCCGC,8.720123533,6.923242435
CCGGCCGCGC,9.824546135,4.483544703
GCTCGTGTGA,27.3086389,19.18180472
CCTGCGCGAG,12.27242923,9.526022239
CCTAGCGGAA,20.30464966,9.689292717
CACCGCCCCC,10.39427716,0.520982366
CCTTGGGGCG,7.726602606,7.561381481
CCTGGGGTGT,11.56974873,1.028370657
GCTAGGGGGA,9.581969703,0.628412463
AGGCCCCCCA,6.10561553,7.268347749
CCCCCGAGGG,4.17538293,1.779892896
GGGGTCGGCC,8.408508485,0.900681761
CCGCCGGATT,3.487579455,4.635563416
GCGGGGGGCA,23.79832529,12.24340006
GGGAGCGGCG,19.46171148,11.81006403
CCCCGATGCC,6.931878025,6.560672255
GTTTTGGGGC,14.43974334,10.51102457
CCCCGCGGAC,5.258382284,1.465209011
GGAGGGGACA,17.45021967,7.478958262
GGGAGCGCGA,7.904775081,8.389402512
GTAGAACGAA,18.84891001,17.05634198
CTTTGGGCCC,12.70365939,11.98031182
CCCCGGGCGT,12.47846245,4.823123371
TTGGTCGTCG,17.97896097,9.177314756
CCACGACCGG,12.22303293,4.55300388
GGGGACGAAA,19.4412286,15.66397664
CCCTGGTATC,15.67590331,17.08096635
CCGTTCGGAC,7.572694771,4.486058343
ACCCCGGCAC,7.021842696,10.67667522
GGAGCCCGAG,12.67483371,3.039839063
CCTGTCTGAA,4.440972137,9.888772286
CCTAGCTCGT,16.43682332,4.716614683
CCCAGGGCTT,5.376180138,8.965536341
GAGTCCCGAA,14.62638037,3.829068744
GGGATCCCAC,18.95991574,12.79861877
CTTTCGGATA,9.765091942,3.826403031
CCGAGGTGCC,9.445901489,8.042987725
GGCGTCCCGC,5.647184717,7.260159987
GGCTGGGCCC,6.538641745,1.298889334
AGTCCCGGCA,6.477929623,6.277781516
CCCTCCTGAG,20.73071196,9.662856155
CCCCCGGGCT,7.288736062,1.802308536
CCTTCGGGTA,8.856734323,5.674297399
CCCCGAGGAA,19.55741861,9.874896993
GCCCCCGAAG,13.54608452,6.222645353
ACGGGAAATC,6.985833976,5.828753667
CCCTCGCGTC,7.296769875,0.736746306
GCGATCCCGA,27.65274271,22.3904949
TCCTGGGGCC,3.451184358,2.840333939
GTTGTCGTCG,11.01698554,18.74388137
CCCTGGTCAC,6.69736728,9.306174328
GTGATCCCCC,17.07217437,3.132535338
CCTTCCTACT,16.34100215,1.373727946
CCGAGAAGGT,17.50917595,10.1254753
ATGCGGCCGA,10.71692383,5.439356265
GACAGCGGCA,16.13809478,5.493420672
CCCCCGATTC,5.110090373,5.526742194
TGGTCCCCCC,10.96569798,5.480285875
CCCCCGGAGT,6.192000949,8.016587542
TCTGCCGACA,8.196273546,6.75022926
GCGCCGGAAT,11.42617187,1.175659784
ACCCGGAGGA,17.98180657,12.51071805
CCCCCGTCAC,11.70754615,3.414385043
TCCCGGGGAC,8.622735416,1.85084264
GCGTCCGGCC,5.424377878,5.362651286
TCTTCCCGCC,5.144234465,1.491947748
CCGCTCTAGA,5.458102079,1.683946119
GGAACCGGCT,8.820411927,7.711499224
TAAGGCCCCA,10.84118038,12.66545521
CCCCCCCGAG,6.564962697,3.321659383
GCGGGGTATA,5.14354577,5.253667268
CCCCCCTAAT,8.451617983,7.252409884
CCCAGGCGCT,8.480366403,20.1315074
AGCCGGGCGA,8.6830324,10.17424631
CCCCCCCGTT,23.6184275,14.32889842
GTGGGGTAAA,18.61998583,1.849802614
CCTCCGGATC,11.61160859,4.856787629
GGGGCCGGGG,3.521396175,4.712682535
GTGTCCCCGC,11.13274909,6.643329552
GGGGTCTGGC,6.19552166,9.132135653
GGTGTCTCCC,4.535046722,6.209060567
GGGTGGGGCC,11.3258497,10.76037981
GGGACCTAAC,3.878546395,9.890177344
CCCCCATTTG,15.65089169,3.580590215
TCTCTTCCGG,13.9894583,6.154508742
CCTCGGGGAA,9.824962893,9.373395057
CTGGTCCCCC,19.60884242,8.984253755
GCTAGGGGGC,7.537164351,2.961261114
GCGCGGGAAC,9.336183519,6.698866838
CTCCTGGGCC,5.201306106,5.868916909
CCGGGGGGCG,14.6123145,9.023983418
CCGACTCAGA,9.617528386,8.311935373
GTGGCCCGCA,10.62855741,10.47828264
CCCGCGGGCG,6.123157464,5.173027278
GAACTCCCGC,11.41226523,7.447027618
ACCCCCCGAG,4.994420415,6.956553421
GGGGCGACGT,10.99946504,0.802769037
GACGGGATTG,9.409972488,4.918720795
GTGTCCGGCT,16.79651735,15.16452081
GAGTCGCGGA,5.39124277,4.446647894
GCCCCCCGAG,3.671146282,11.0844263
CCTGGCGGGA,13.90813513,10.43531796
CCGCCGCCGA,5.62536322,0.573766161
GGAGACGCCA,5.81904982,12.70001866
CGCCCGGGCT,3.579621895,4.025691605
GAACCCGCGC,16.14815704,15.01912231
CCCGAGATGC,6.122024922,17.06062691
CTTCCCCCCC,21.75314217,16.21408585
AGACCCTCCG,18.91371739,1.50623155
CCCTGGTCCA,16.96366225,9.890619557
CTTTTGGGTT,5.819346059,9.851280654
CCTTGGGGAG,14.01551549,5.722935895
GCCGGGGATG,30.27504246,16.7818845
CCGGGCTGCG,8.517042835,10.61955284
CCTTGATGGC,11.95120613,4.215186649
GGGTCCGGAA,12.9500188,9.137446092
CCGGGGGGTA,4.459244127,5.359328106
CCTAGGGGAT,8.133654228,1.083015527
CCTATCGCTA,4.354958943,1.60381346
GCGGGGACCT,18.30303354,0.861850864
GGTTCCCGAA,4.686045093,3.292226865
CCCCCCGACG,14.46660589,10.40843743
GGACCCCCCC,24.72945137,7.510655041
CCTGGGTTGC,4.871917287,13.70042281
ACCCCTCCAG,13.42435141,6.282078419
CCTCCGGCAC,20.16836618,9.261880984
GGGATCCGGA,3.791701924,5.698625474
CCTTGGTCAC,15.50908199,6.867322801
GTGTTCGGCT,9.22603122,8.998237747
GGGGGCGCCG,4.00242859,2.215087791
ACCAGGGCGG,16.47780224,1.549380162
CCCCGGTATT,8.401259266,11.79242781
GCGCCGGCCC,8.061420655,5.775505067
AGCCGGGAAT,13.19976402,5.143693055
CCTATCTGCA,18.9236598,0.683025316
CCTGGCGATC,13.59449741,6.775293654
ACCCCGGGAC,5.63275903,4.923947887
CCTACCCCCT,8.513659705,0.742120049
CTCTCAGATG,15.85080693,4.780680439
GACTGGGTCG,11.04533207,3.934638028
CCCTTGGCAA,10.94090102,9.499007838
CCTCGGTGGG,14.32558627,10.7914234
CCGCCCGGCT,4.978210018,7.896426325
TTCCCGGGTT,12.17284484,4.935660149
GTTCCCGAGG,6.402360646,7.481913463
CCCCCGTGTC,7.009164513,5.441968717
GCGGGAGGAA,3.783895537,10.55339582
GTGGGACAGG,8.942952125,4.622056229
CCTAGGGGGT,17.15950284,11.00060663
CCTTTTTGCC,14.32558802,7.011244879
GGGCGACAAT,8.414473675,11.30384444
GGAGCCCCCC,15.98392328,6.79093695
CCGAGGGCGA,4.089235492,0.985269345
CCCTGCGGAA,6.633784809,7.227416164
CCGTCCTAAC,6.168178982,8.208923932
CCCCGCCCAA,5.564897131,1.042977706
GTGCCCCCGG,4.747099857,3.052489813
CCCCCACCTG,18.36363621,10.10845221
TCCTCGGGAG,11.16968928,13.29480053
CCCACGCCGT,19.11781903,21.01027497
CCGGCCCGCT,3.501733197,5.371709136
GGGCCGGGGG,12.77731786,3.36869463
TTGCCGGGTT,7.678767941,11.80734282
GGACCCCCGC,11.05910217,11.21981426
GGGGAACTCG,13.34666943,6.322023631
GGCTCTGGGG,14.03388037,6.79451242
CCTTTCTCAC,4.198239878,1.193712084
CCTTCCGCAA,19.25933737,6.64754269
CCGTGGGGCA,18.12429124,8.769002674
GACTAGCGCA,9.027871874,10.50704614
CCGGGGGTTC,16.41206034,7.64703583
CCTGGGGTGC,10.46965985,1.640848816
CCGTCCGAAG,10.73223646,3.270827169
CCTGGGCGAC,9.966494895,8.895988218
CCGGCGAGAA,10.84500153,6.201981898
CCCGGGGATG,8.889443097,8.012752981
ACGACGCGGA,16.30680508,11.03147224
GCGGTGGCGG,4.632512437,17.88660314
GCGGTCGGGC,10.07765096,7.157596551
CCCCGGCCCG,11.67621202,12.333075
CCTTGGGAAC,11.50685724,6.543151035
CCTCCGTAAA,15.42421629,3.183106231
CCGTCGAGGG,17.22300809,8.186327669
GGGGTCTCGC,9.77882393,10.5459238
CCCCGGGCTT,16.62226285,10.31449105
CCTTTGGCAA,6.67485126,5.191196502
GAAAGCCCGA,6.471049965,4.054242939
CGGTGGGCAC,4.190990721,7.656641738
GACCCCCCCG,7.298983718,12.33259849
CCTACCCGGC,9.106942334,4.786036764
GGGGTCGAGT,4.097719381,13.47656346
CTTGGGGTGC,4.304802682,2.456436252
CCCAGGCGGA,5.115162419,1.32711543
GTCCGGCTGC,3.667976293,1.871658499
CCCCCCAAGC,14.75238312,3.400378195
CCGGGGGAAC,21.9297723,4.783168629
GGGGGCGAAT,5.928189063,0.758915773
GGTCCCCCGG,9.099749835,1.380248382
ACCCGGGTTC,20.11820756,2.234842047
TCCCGGGGGT,23.06718645,7.976726155
CTCTGGGGCC,15.90162958,11.59412108
GGCTGGGTCC,17.57308579,12.56656863
CCCTCCCCGC,3.739849508,3.077190402
ATCCGGCCCC,4.132315501,4.507308886
TTTCTTCCGA,8.389157906,4.350854771
GCGGGGCTCA,3.478360742,1.010941542
CTCCCGTCCC,20.23016437,7.953485079
CCGCGCGAAA,10.88575793,2.863748137
TTGTTTGTCC,20.01245698,3.050409198
CCGCGGGTGC,12.61944555,9.58658335
CCTCGGGCAC,13.54823335,3.987163902
CCGGTGGGAG,4.724832796,6.832100163
CCGGCCGAAA,6.068092735,2.990458006
CTGGGGGGCC,6.464671022,8.755374197
CCCCCCGAGG,6.278991408,2.795384363
ACCCGGGCAG,3.415579271,5.101241601
GTTAGCCCGA,24.15016909,5.597171354
CCCAAGCCCG,14.22956164,11.75475624
ACTGCCCGGA,21.87762052,12.57231792
CCGGCCGAGC,16.66653259,0.794062342
GGGACCGAAA,9.576551281,4.050068052
CCTGGGGGAT,6.428843198,9.343786893
GCCGGGCCCC,8.909654748,4.52906366
CCCCCCCCGA,4.150133128,5.521540292
CCGGCCCGAC,10.49798949,2.872166414
CCGGTCGGAA,7.897603095,3.782744425
CCCGGGGGTT,33.74961479,26.44029433
CCACCCTGGC,5.076572865,5.134764396
CCCCCCTCGT,16.77083019,14.66064996
CGGGGGGAGC,9.399504623,4.486114401
CCGCGGTGCC,5.367739222,3.983633025
CCGTGGTGTC,3.54822524,0.904525485
CCCCCCCCGG,5.01279972,1.184731004
CCTGCCTAAC,14.74135529,12.96538627
GCCCCCCCGG,20.6398393,3.816141843
TCCCCGGGCC,17.68938484,18.75039566
ACCCCGGGGA,16.12706029,6.160851046
CGCCCATCCG,19.86130987,19.71847634
GCTGCCGGCA,16.18682028,18.69314739
GGAGCCGCAG,16.5782348,9.250574951
CCGCGGCCGC,8.9139874,10.43382454
GCGAGGTGGA,5.267185678,3.789291214
CCCCCGTGAA,14.69712217,10.25001877
CCGGGGGATC,6.313903029,2.316124665
TCCCCCCCGA,5.021224859,2.98416851
CCCTGGGAGG,10.855984,6.368918135
ACCCCTCCGC,4.530348256,4.643746837
CCTTCCTCCC,18.86989969,8.982463923
GGCCCCGGCC,11.32626595,7.23038689
GGGGTCGGAA,15.9819597,2.54567034
GGGATCTCCT,6.242821158,7.11881219
CCCCGGTCCG,10.64403456,10.7354548
CCCCGGTGAG,3.932407173,2.211001576
CCGGGGGAGC,5.999932063,3.468455364
AAACACGCCG,8.748631423,4.52533717
CCCTGGGCAC,12.46058295,17.8870155
AGCCCGAAGG,10.42559725,7.820825444
GGGTGCGGCC,7.495753826,0.592059323
GGCCCCGGGT,9.343899411,8.211200372
CCCAACCCTC,14.44719541,10.9593388
TCCCCCCCGC,17.63190985,12.90034152
GTCCCCCGGC,8.944841017,4.552914213
ACTCGGGCAG,15.84758145,13.41563221
CCCCCCGGTA,18.21944764,12.05746921
GGTCCCGCGC,8.383691298,5.207289413
CCCCAGCTTT,6.015674179,1.257275735
GGGCCGGTCA,27.01531967,21.78257504
GTCCCGGGGT,8.026802552,4.239006152
GAAGCGGAGG,10.15550937,3.419592042
GGCCCCCCGC,10.45338013,0.800779412
GGGGTCGCCC,3.576601147,4.44762422
CCCCCCCGGT,4.866287814,9.843075866
CCTTGCGCGA,5.97334888,0.779749165
CGGGGCGGAA,5.385201463,4.86320858
CCTCCCTAAT,11.45330947,8.510138206
CCTCCCGAAG,5.742574486,5.264735485
CCCTCGTGCC,8.58714052,3.400796316
TCCTCCGGAG,23.23788363,24.51211086
ATCCAGGCCA,5.191175566,2.146378729
CCCGGGGTCC,8.382287949,9.26388415
CCGTCTGGAG,22.63381208,12.03893135
CCTTTCTGAA,28.05690816,10.43433875
CCCGGAAGGG,10.01826152,7.566065746
CCCCCCGCAA,4.684900502,0.718050002
GGCGCGTTCG,13.6749873,2.149409176
CCTAGCTCCA,6.765439503,8.833428522
CCGTCCGCGC,12.91409205,14.71772549
CCTGGGGGCA,8.298007896,2.129305536
CGGGGACCGT,11.74382177,9.700264808
CCTCCCTGGC,4.402795264,13.6821997
GGGCTCGCCA,4.124400694,1.272964137
TGGGTCGCCT,4.59997441,4.05916197
CCGGGGAATG,5.438628544,4.241748661
CCCTCGGCCG,10.39182421,6.631250489
CCCCCCACCC,16.5115455,2.145484727
CCCCGGGGTT,6.051949227,2.976975242
GCCCCCCCCG,4.12544964,1.118962987
CCCCGAAGAC,12.51855385,11.00202446
TGGGGCGCGG,15.10568045,10.13414986
GCTGCCCGCC,6.500758287,5.539055591
GGGGGGGCCC,18.16403724,6.289902184
GGGCGGGGGT,12.84660159,8.088849588
GCTACCCGCT,20.86572778,3.613214862
TCCCGTGCGG,4.155922383,1.646660838
GGTGTCTGCA,11.23588861,8.206561619
GAGGGCGCGG,5.811211165,13.29934424
ATCCCGGTAC,21.82088479,14.14901276
TCCCCTCCGG,5.934041811,1.592765426
GAGAGCGGCG,14.03364852,2.778390453
CCGTCCGAAC,12.14297458,4.520804877
CCCCGCGGGC,22.59207877,12.46851607
CTGAGTGCGC,3.566436553,3.964455012
CCGACCCCGT,22.97950915,6.129148778
TGCCCCGCGC,8.680059413,2.00889551
GAGATCCGAA,3.520427199,2.813105788
AGGCGAAGCA,19.42398436,8.661018779
CCTTCCGAGA,6.333347604,6.382360488
CCGACCCGGG,4.331954515,10.36596819
ACGCCCCCGA,7.834311031,6.317050975
CCGGGGTGTA,21.46015411,20.4118436
CCCCCCGCAG,3.6678535,12.33301005
GACCGCGTGA,5.307696377,3.82364156
ACACGGGGCG,14.40623421,5.76697936
CCTCGATGAC,11.10788838,13.75367563
ACCCCCGCGA,5.191017029,0.874382353
GGAGGCGGCC,16.53163629,6.805083135
TCCCGGGGGG,28.39219422,14.53246986
CTCCTGGCCG,5.732620642,4.225464234
GGTGTCGGCG,4.169564102,6.783687872
GGGAGCGTGA,15.55911804,7.215094647
CCCGGTTCAG,11.02264408,7.175391647
CTTCCCCCGC,8.969192888,0.566815382
CCGTGTTGCT,4.305757423,5.333794731
CCTTTGTGCT,6.255768286,6.867660418
GCGGTCGGCA,5.595121781,1.202805796
CCGTTGTGAG,16.99964922,10.55298566
CCTTTGGGAA,3.895363787,5.531610537
GTGGTCGCCG,5.146845166,4.763349498
CCTTCCGGGC,14.74220957,13.54170869
CTCGGGGTCC,9.123315708,11.52296141
AGAGCCCCGA,5.009530481,8.847596944
CCCCGATGCG,8.078191924,4.627498542
GGGTCTCCCG,5.531215808,1.175113618
CCCGGGCCGA,10.21932968,6.560515471
GGCCCCGGGG,17.99785073,0.80425173
GCTGACGGGA,20.46790293,10.83907247
CCCGGGGAGC,11.83986929,0.538979605
CCGCGGTTCG,12.80721947,7.437282844
TCGCGTCCCC,8.739672123,4.937621785
GGTCTCGCGC,4.429805171,6.942814823
CCCCGGAAAA,8.574836628,6.230898919
CCTACCCCCG,18.63636558,3.763265641
ACCTCCACAC,18.10133189,15.85059781
CCGGGGCAAA,5.08321176,4.166345386
CGGCGGAGCG,6.548996694,8.33157051
GCTACGCCTG,3.928066793,3.848806752
GCGGGGAAAC,8.376497718,6.59496082
CTGTCGGGCC,4.388402217,8.374911535
GGGTTCCCAG,6.70025328,8.290900164
GTTTTCGGGG,29.10829208,7.471824324
ACCAATTCCA,10.14518366,14.58294253
CCTCCGGGAT,14.92132084,6.791416739
GTGCCCCCGC,21.66232944,12.02775257
GCTGTCGGGC,13.99530201,5.051972203
CCCCCTCCGC,18.46551125,2.909423332
CCGTCTGGAA,10.66161757,0.490128589
CCTTGGTGGG,10.18565759,4.694696117
CCCGGGGAAG,17.65835596,7.845249991
CCCAGGTCTT,29.27435362,5.58652377
CCCCGGTGTA,8.606591988,12.89620118
CCTCCCTATA,5.965852485,1.089423483
CCCTCGGGCC,6.833905622,3.62456852
GCGAGGGAAG,16.83640094,7.507083548
CCCCGATGTA,15.28878507,8.785152064
TTCCCTCCCG,8.992340324,6.785160705
ACCCCCGCCG,6.318499865,7.046941526
CCCCCGGGAG,6.27722087,7.498441881
CCGGTCTGCT,16.68958587,4.457847662
GGGGGACGCG,5.681359534,0.91430027
CCGAAGTGGC,12.84650937,10.20566883
GCGGCGGGGG,11.41295822,1.162285846
CCCGGGAGGT,16.25809932,13.00847095
ATCCTAGCGG,15.22448849,9.158086426
GTGGGGGTCT,8.406014815,2.43248144
CCCTCGAAAA,10.45836101,1.627473025
GCACCCCCGG,8.181176284,7.66719891
TCCCCCGGGG,15.77043293,17.86708826
CCCGCCGCGA,11.2375784,1.379189114
CTTTCGGGGC,10.66046937,13.00563927
CTGTTGGTCT,16.69996957,11.30344636
CCCCCTGGTC,7.597031162,3.679483868
GACTGGGGCC,9.047402045,5.594572793
GTTCCTGTCC,7.140219669,6.790271322
GCACCCGGAA,9.375895597,14.67646497
GGGGCTCGCG,25.42466686,7.869570307
GCTCCCAGAA,19.70238266,7.643245142
CCGCCGAAGG,6.641626086,0.555258197
GGGGCGGGCG,5.749748873,7.441925803
GGGGTCCCCC,6.333869313,10.50488952
CCCTCCGAAC,10.67660903,7.519644936
CCCCCTGATT,14.97946886,9.280189965
CCCCGGGAGC,6.545425143,4.297610936
CCCGGGCCGC,12.84015299,14.64625887
CCCCCGGACT,7.825549112,13.12466081
GCCGGGGGAT,7.166302594,3.835031019
CCCAGGCCGT,5.334218053,5.313297316
CCTTCCGGAA,16.54252276,16.5706295
ACGACCCCGA,12.13704419,6.231859102
GTACCAAGAG,7.683383822,9.401658243
CCTATCTCAT,5.223083054,4.443057837
CTGTCCAGCT,4.784841776,2.596574053
GCGGGAAACG,9.391576807,5.093300364
CCTCCGGGAA,9.942248997,6.297523024
GTGGGGTGCA,11.60395596,2.69224778
CTTGGGGCGC,5.819861639,2.163687123
CCGTGTGGCC,3.413335436,2.76898749
TCGGGCGCGA,4.422625157,0.907313376
GGGATCACTC,3.715361518,1.960596089
TAGCTCGCCA,15.59180411,11.36959851
CCGCGAGGTG,12.26218972,4.948633762
CGACGGGGTT,19.03436275,8.587906773
GCCTCCCGAC,13.49048452,11.42805847
GGGAACGCAA,16.57372692,6.118619542
TCGGTCTGGC,8.015694544,1.213668406
GCGGGGAACA,9.377230214,4.827873055
CCCAGCTCCA,23.06516028,11.84681817
ACCCCCAAAA,4.741137634,7.070595599
ACGGTGACCG,12.60098662,1.030388098
CCCACGTAAG,23.79262993,7.023686514
TCCCCTGGAG,4.941584904,3.766230598
GGGGCGGGGA,6.770589057,11.91949252
CCTGGCGGCA,9.002555271,14.48644741
GCGGCCGAAC,10.40254829,3.458167864
CCGTGGTAGA,9.359599002,4.633591242
TTTTCCCGAG,4.259316834,4.010806898
ACCCCGGCCG,5.707817229,10.06918526
CCCCGGAGGC,7.605435251,6.282087234
GCGGTCGGAA,15.51937009,9.261764456
CCTTGGGCAC,4.237643598,8.84705791
ACTGCCACGC,15.76337507,11.82491977
GCATGCGAGA,11.3192784,9.332498627
CCCCCCTCGG,21.38750135,10.15206049
CCCCCGGATT,6.347163725,9.634923362
GTATCGGGCG,7.087258006,4.145674453
CCTTGGTCGC,7.430251395,2.286522519
CTGGCGGCCG,12.86307901,14.87475297
CCTTCCGACT,6.845599818,8.683048578
CCTACGCGGA,16.87643638,4.146320908
GCGAACTAGT,11.66337642,7.855589654
CCTGCCGGAT,8.426208949,5.926758718
GCTACCCGCG,4.592588392,4.693476587
GGGCCGGAAA,22.52406943,13.70124156
CCGCCGAAAC,7.04142607,6.034305142
ACCCCGGGCG,10.13790278,7.621458038
CCTGCCCCGC,4.879027013,9.133894764
GTGGGGGACC,7.798789212,4.019225426
GAAAGGGATG,24.37416667,12.15139087
GTGGGCGCCG,9.819743811,3.295813425
ACCCCGGCCC,10.38255859,12.38270389
CCCAGGTGGT,22.11030842,9.745774832
CTCGCGGAGT,5.204111036,3.832097107
CCCGACTTTC,3.567791417,4.637272737
GGGGTCCCGC,4.162689514,8.164211299
GCGATCGCCC,5.392219399,2.3612184
CCTACCCCGA,7.673872938,2.410377952
CGGTCGGGCT,18.586333,11.39018471
CCCCGGTGTC,11.69417504,8.906112538
GGGCGGGCGG,16.47931394,3.981053939
CGGTCGGGCC,6.196667751,2.071256308
GCATCCGGGG,6.520967194,3.884149897
GTTCTGGTGC,22.66204823,6.1988444
ATCCCTCCGC,4.955068758,2.601983147
CGGGCGGGCG,6.031197261,16.55258686
CAGGGAATTT,7.491793746,11.99544244
GTGGGAGATA,20.618405,7.117195453
AGGGGGTCGC,9.295607201,1.965419937
CCGTCCGGCT,4.365676249,2.841535303
TCCTGGGGAA,14.0657789,7.352344591
